model,tier,variant,image_path,heading,description,generation_response_time,evaluation_status,evaluation_error,subject_accuracy,visual_details,no_hallucinations,clarity,heading_quality,total_score,evaluation_reason
GPT-5.6 Sol,Deep reasoning,before,../ImageDataset/Apples.jpg,Red and Green Apples,"A dense arrangement of glossy red, green, and yellow apples fills the frame against a dark background. The round fruit has visible brown stems, speckled skin, and small water droplets.",3.89,error,"'\n  ""subject_accuracy""'",,,,,,,
GPT-5.6 Sol,Deep reasoning,before,../ImageDataset/Bicycles_parked.jpg,Crowded Bicycle Parking,"Rows of tightly packed bicycles fill an outdoor parking area, with overlapping black saddles, chrome handlebars, racks, and wheels. An orange plastic seat cover, an olive-green bicycle frame, and a pink floral chain lock stand out against leafy trees and brick buildings.",3.49,error,"'\n  ""subject_accuracy""'",,,,,,,
GPT-5.6 Sol,Deep reasoning,after,../ImageDataset/Apples.jpg,Red and Green Apples,"A dense arrangement of glossy red, green, and yellow apples fills the frame against a dark background. The round fruit has visible brown stems, speckled skins, and small water droplets.",3.15,error,"'\n  ""subject_accuracy""'",,,,,,,
GPT-5.6 Sol,Deep reasoning,after,../ImageDataset/Bicycles_parked.jpg,Crowded Bicycle Parking,"Rows of tightly packed bicycles fill an outdoor parking area beneath green trees, with overlapping chrome handlebars, black saddles, wheels, and metal luggage racks. Distinctive details include an olive-green bicycle in front, an orange plastic seat cover, and a pink floral chain lock.",6.15,error,"'\n  ""subject_accuracy""'",,,,,,,
GPT-5.6 Terra,Balanced,before,../ImageDataset/Apples.jpg,Red and Green Apples,"A tightly packed arrangement of whole apples in glossy red, bright green, yellow-green, and red-yellow varieties. The round fruit has visible brown stems and water droplets, filling the frame against dark gaps between the apples.",3.83,error,"'\n  ""subject_accuracy""'",,,,,,,
GPT-5.6 Terra,Balanced,before,../ImageDataset/Bicycles_parked.jpg,Row of Parked Bicycles,"A dense row of bicycles is parked along a tree-lined urban sidewalk, with overlapping black handlebars, saddles, frames, and rear cargo racks. A green bicycle with a large rear rack is prominent in front, while an orange seat cover and a pink floral-patterned chain lock add color among the mostly black and silver bikes.",3.5,error,"'\n  ""subject_accuracy""'",,,,,,,
GPT-5.6 Terra,Balanced,after,../ImageDataset/Apples.jpg,Red and Green Apples,"A tightly packed assortment of whole apples fills the frame, including glossy red, bright green, and pale yellow varieties. Water droplets cover many of the smooth round fruits, with brown stems visible against a dark background.",1.89,error,"'\n  ""subject_accuracy""'",,,,,,,
GPT-5.6 Terra,Balanced,after,../ImageDataset/Bicycles_parked.jpg,Dense Bicycle Parking Row,"A tightly packed row of bicycles is parked along a sidewalk beside trees and a building. Visible features include black saddles, chrome handlebars, rear cargo racks, fenders, and a green bicycle in front with a pink floral chain lock; one saddle is covered by an orange plastic bag.",2.28,error,"'\n  ""subject_accuracy""'",,,,,,,
GPT-5.6 Luna,Fast,before,../ImageDataset/Apples.jpg,Red Green and Yellow Apples,"A tightly packed arrangement of red, green, and yellow apples fills the frame, with visible stems, rounded shapes, smooth skins, and water droplets. The apples appear freshly washed and are set against a dark background.",3.0,error,"'\n  ""subject_accuracy""'",,,,,,,
GPT-5.6 Luna,Fast,before,../ImageDataset/Bicycles_parked.jpg,Dense Urban Bicycle Rack,"Rows of parked bicycles with black saddles, chrome handlebars, metal racks, and fenders fill an outdoor bike parking area. A foreground olive-green bicycle has a rear cargo rack, while another bike carries an orange cover and a pink patterned handlebar bag, with leafy trees and a building in the background.",3.26,error,"'\n  ""subject_accuracy""'",,,,,,,
GPT-5.6 Luna,Fast,after,../ImageDataset/Apples.jpg,Red Green and Yellow Apples,"A tightly packed arrangement of glossy apples fills the image, with red, bright green, and pale yellow-green fruit in rounded shapes and short brown stems. Water droplets are visible on several skins, creating a fresh market or produce-display context; no readable text appears.",1.8,error,"'\n  ""subject_accuracy""'",,,,,,,
GPT-5.6 Luna,Fast,after,../ImageDataset/Bicycles_parked.jpg,Parked Bicycle Row,"A dense row of parked city bicycles fills the foreground, featuring black and chrome frames, upright handlebars, padded saddles, rear racks, fenders, and baskets. One bicycle has an orange cover over its seat, while another displays “XRM Components” text; leafy trees and a brick building appear in the background.",1.82,error,"'\n  ""subject_accuracy""'",,,,,,,
GPT-5.5,Deep reasoning,before,../ImageDataset/Apples.jpg,Assorted Fresh Apples,"Multiple whole apples are arranged tightly together on a dark background, with visible stems and glossy skins covered in small water droplets. The apples vary in color, including bright green, pale yellow, deep red, and red-yellow striped varieties.",4.17,error,"'\n  ""subject_accuracy""'",,,,,,,
GPT-5.5,Deep reasoning,before,../ImageDataset/Bicycles_parked.jpg,Crowded Bicycle Parking,"A dense row of parked bicycles fills an outdoor rack, with many black saddles, chrome handlebars, metal frames, rear racks, and visible wheels overlapping. One bike has an orange plastic seat cover, another has a pink floral chain lock, and readable markings include ""X&M"" and ""ARIZONA"" on a dark frame, with trees, poles, and a street in the background.",3.49,error,"'\n  ""subject_accuracy""'",,,,,,,
GPT-5.5,Deep reasoning,after,../ImageDataset/Apples.jpg,Assorted Fresh Apples,"Multiple whole apples are arranged tightly together on a dark background, viewed from above with visible stems and dimples. The fruit includes glossy red, bright green, and pale yellow varieties with smooth skins and small water droplets, with no readable text present.",4.47,error,"'\n  ""subject_accuracy""'",,,,,,,
GPT-5.5,Deep reasoning,after,../ImageDataset/Bicycles_parked.jpg,Crowded Bicycle Parking,"A dense row of parked bicycles fills an outdoor bike rack area, with overlapping black saddles, chrome handlebars, metal frames, fenders, and rear racks. Distinct details include an orange plastic-covered seat or bag near the center, a pink floral lock on the right, and partial branding text such as “XHM” and “BOLOGNA” on bike frames.",7.31,error,"'\n  ""subject_accuracy""'",,,,,,,
GPT-5.4 Mini,Fast,before,../ImageDataset/Apples.jpg,Assorted Apples Close-Up,"Multiple apples are tightly arranged in a close-up composition, featuring glossy red, green, and yellow-green skins with visible stems and small water droplets. The fruit appears fresh and fills the entire frame, with no other objects or readable text present.",2.0,error,"'\n  ""subject_accuracy""'",,,,,,,
GPT-5.4 Mini,Fast,before,../ImageDataset/Bicycles_parked.jpg,Row of parked bicycles,"Multiple bicycles are parked closely together in an outdoor rack, with black saddles, chrome handlebars, and mixed frame colors including olive green, blue, red, and black. One seat is covered in orange fabric, and there are trees and a building in the background; no readable text is clearly visible.",2.1,error,"'\n  ""subject_accuracy""'",,,,,,,
GPT-5.4 Mini,Fast,after,../ImageDataset/Apples.jpg,Assorted Apples Close-Up,"A tightly packed arrangement of glossy apples fills the frame, including red, green, yellow, and red-yellow varieties with short brown stems. The fruit appears fresh and wet, likely photographed on a dark surface or against a dark background, with no readable text visible.",1.74,error,"'\n  ""subject_accuracy""'",,,,,,,
GPT-5.4 Mini,Fast,after,../ImageDataset/Bicycles_parked.jpg,Row of parked bicycles,"A dense row of parked bicycles fills the frame, with black saddles, chrome handlebars, metal frames, and a mix of rear racks and fenders. One bike has an orange cover over the seat, another has a pink patterned handle grip, and the background includes leafy trees and a partial building facade with no clearly readable text.",1.81,error,"'\n  ""subject_accuracy""'",,,,,,,
Claude Sonnet 5,Balanced,before,../ImageDataset/Apples.jpg,Assorted Colorful Apples,"A close-up, overhead view of multiple apple varieties arranged closely together, including deep red apples, green Granny Smith-type apples, yellow-green apples, and red-orange bicolor apples with visible stems. The fruits have smooth, glossy skins with some water droplets, suggesting they are fresh and possibly recently washed, likely displayed at a market or grocery store.",6.11,error,"'\n  ""subject_accuracy""'",,,,,,,
Claude Sonnet 5,Balanced,before,../ImageDataset/Bicycles_parked.jpg,Rows of Parked Bicycles,"A dense row of parked bicycles, likely along a city street in a European city known for cycling, such as Amsterdam. The image highlights black leather saddles, chrome handlebars, rear racks, and one bright orange saddle cover, with a floral-patterned bike lock visible on the right; green trees and a red car are seen in the background.",6.19,error,"'\n  ""subject_accuracy""'",,,,,,,
Claude Sonnet 5,Balanced,after,../ImageDataset/Apples.jpg,Assorted Fresh Apples Arrangement,"A close-up, top-down view of multiple rows of whole apples arranged in a grid pattern, showcasing several varieties. The apples display distinct colors including bright green (likely Granny Smith), dark red (possibly Red Delicious), red-orange with striping (possibly Gala or Fuji), and pale yellow-green (possibly Golden Delicious), each with visible stems and glossy, water-droplet-covered skins suggesting recent washing.",6.54,error,"'\n  ""subject_accuracy""'",,,,,,,
Claude Sonnet 5,Balanced,after,../ImageDataset/Bicycles_parked.jpg,Row of Parked City Bicycles,"A dense row of parked bicycles, mostly black city/commuter bikes with rear cargo racks, curved handlebars, and black leather-style seats, lined up along a street. One seat has an orange plastic rain cover, and a pink floral-patterned bicycle lock chain is visible on a nearby bike; a red car and green trees are seen in the background.",5.64,error,"'\n  ""subject_accuracy""'",,,,,,,
Claude Fable 5,Deep reasoning,before,../ImageDataset/Apples.jpg,Assorted Red and Green Apples,"A close-up arrangement of fresh apples in multiple varieties filling the entire frame, viewed from above. The apples include dark red varieties (likely Red Delicious), bright green (likely Granny Smith), yellow-green (possibly Golden Delicious), and red-yellow striped types (possibly Gala or Braeburn), all with visible stems and glossy, slightly wet skins. The fruits are packed tightly together in loose diagonal rows, creating a colorful pattern of alternating red, green, and yellow tones.",9.1,error,"'\n  ""subject_accuracy""'",,,,,,,
Claude Fable 5,Deep reasoning,before,../ImageDataset/Bicycles_parked.jpg,Crowded Bicycle Parking Row,"A densely packed row of parked city bicycles seen from behind, with numerous black saddles, handlebars, and rear luggage racks receding into the distance, likely in a Dutch or European street setting. One seat is covered with an orange rain cover, another saddle is purple, and a black saddle in the foreground bears the text ""XRM Components""; a pink-and-white floral cable lock is wrapped around a frame. A dark red car, green trees, and a brick building are visible in the background.",8.27,error,"'\n  ""subject_accuracy""'",,,,,,,
Claude Fable 5,Deep reasoning,after,../ImageDataset/Apples.jpg,Assorted Red and Green Apples,"A dense arrangement of fresh apples in multiple varieties, viewed from above, filling the entire frame. The apples include glossy dark red types (likely Red Delicious), bright green ones (likely Granny Smith), yellow-green (possibly Golden Delicious), and red-striped varieties such as Gala or Fuji. Their skins appear wet or waxed with visible water droplets, and most are oriented stem-side up against a dark background.",11.68,error,"'\n  ""subject_accuracy""'",,,,,,,
Claude Fable 5,Deep reasoning,after,../ImageDataset/Bicycles_parked.jpg,Crowded Bicycle Parking Row,"A dense row of parked city bicycles receding into the distance, likely in the Netherlands, with black saddles, tangled handlebars, and metal rear luggage racks in the foreground. One saddle is covered with an orange rain cover, another black saddle bears the text ""XRM,"" and a chain lock wrapped in pink floral fabric hangs from a frame. A red car, green leafy trees, and a brick building are visible in the blurred background.",10.99,error,"'\n  ""subject_accuracy""'",,,,,,,
Claude Opus 4.8,Deep reasoning,before,../ImageDataset/Apples.jpg,Assorted Fresh Apple Varieties,"Numerous whole apples arranged closely together in a tightly packed display, viewed from above showing their stem ends. The assortment includes deep red, bright green, yellow-green, and bi-colored red-yellow varieties, likely representing types such as Red Delicious, Granny Smith, Golden Delicious, and Gala or Fuji. Some fruits display water droplets on their smooth, glossy skins, and short brown stems are visible on many of the apples.",7.13,error,"'\n  ""subject_accuracy""'",,,,,,,
Claude Opus 4.8,Deep reasoning,before,../ImageDataset/Bicycles_parked.jpg,Row of Parked Bicycles,"Numerous bicycles parked closely together in a row, featuring black leather saddles, metal rear racks, and curved handlebars, with one saddle covered in an orange waterproof cover and another wrapped in floral-patterned fabric. The frames appear in colors including blue, red, and green, with visible text reading ""XRM"" and possibly ""Bologna"" on the components. Behind the bicycles are green leafy trees, a building with windows, and a partially visible dark red car, suggesting an urban outdoor bicycle parking area, possibly in the Netherlands.",7.36,error,"'\n  ""subject_accuracy""'",,,,,,,
Claude Opus 4.8,Deep reasoning,after,../ImageDataset/Apples.jpg,Assorted Fresh Apple Varieties,"A tightly packed arrangement of whole apples in multiple varieties, including bright red, green, yellow-green, and bicolor red-yellow types with visible short brown stems. The fruit surfaces appear glossy with small water droplets, suggesting they are freshly washed, and are grouped closely together as in a market or produce display. The varieties likely include Granny Smith (green), Golden Delicious (yellow-green), Red Delicious or Gala (red), and Fuji or similar bicolor apples.",6.43,error,"'\n  ""subject_accuracy""'",,,,,,,
Claude Opus 4.8,Deep reasoning,after,../ImageDataset/Bicycles_parked.jpg,Row of Parked Bicycles,"Numerous bicycles are parked closely together in a row, showing predominantly black leather saddles, chrome and black handlebars, and metal rear racks. One seat is covered with an orange waterproof cover, another has a pink floral fabric wrapped around it, and readable text includes ""XRM"" and ""BOLOGNA"" on the frames. The background contains green trees, a building with windows, and a partially visible dark red car, suggesting an urban bicycle parking area possibly near a train station.",5.86,error,"'\n  ""subject_accuracy""'",,,,,,,
Claude Haiku 4.5,Fast,before,../ImageDataset/Apples.jpg,Mixed variety apples overhead,"A close-up overhead arrangement of fresh apples in three distinct varieties: bright green Granny Smith apples, deep red apples, and yellow-golden apples, all with visible moisture droplets on their skin. Each apple displays a characteristic stem and central dimple, and they are tightly packed together showing their round, smooth surfaces. The composition emphasizes the color contrast between the three apple types and their fresh, glossy appearance.",4.93,error,"'\n  ""subject_accuracy""'",,,,,,,
Claude Haiku 4.5,Fast,before,../ImageDataset/Bicycles_parked.jpg,Parked motorcycles and bicycles outdoor,"A row of motorcycles and bicycles parked in an outdoor lot, featuring predominantly black leather seats and chrome handlebars characteristic of cruiser-style motorcycles. One motorcycle displays a distinctive orange and white seat cover in the center of the composition. The foreground shows a green-framed bicycle with a teal seat cover, while the background reveals additional motorcycles with chrome details and a lush green tree canopy. The setting appears to be a public parking area or gathering spot, with residential or commercial buildings visible in the background.",4.45,error,"'\n  ""subject_accuracy""'",,,,,,,
Claude Haiku 4.5,Fast,after,../ImageDataset/Apples.jpg,Mixed variety apples overhead,"A close-up overhead view of fresh apples in three varieties: bright green Granny Smith apples, deep red apples, and pale yellow-green apples, all with visible moisture droplets on their smooth skin and characteristic stem indentations at the top. The apples are tightly arranged and appear to be at a market or produce display, showcasing the contrast between the different cultivars through their distinctive coloring.",5.39,error,"'\n  ""subject_accuracy""'",,,,,,,
Claude Haiku 4.5,Fast,after,../ImageDataset/Bicycles_parked.jpg,Parked motorcycles and bicycles row,"A lineup of motorcycles and bicycles parked in an outdoor urban setting, featuring predominantly black leather seats, chrome handlebars, and metallic components. One motorcycle in the center displays a distinctive orange/gold seat cover, while others show various colors including blue and red frames. The scene includes a green-framed bicycle in the foreground and lush green foliage visible in the background, suggesting a park or street-side parking area in a residential or commercial district.",4.96,error,"'\n  ""subject_accuracy""'",,,,,,,
Gemini 3.5 Flash,Balanced,before,../ImageDataset/Apples.jpg,"Assorted Red, Green, and Yellow Apples","A close-up, overhead view displays rows of fresh apples in various colors, including bright green, deep red, pale yellow, and bi-colored red-and-yellow varieties. Many of the apples feature small water droplets on their skin, suggesting they have been recently washed or misted. The apples are tightly packed together, filling the entire frame with their round shapes and natural textures.",2.83,error,"'\n  ""subject_accuracy""'",,,,,,,
Gemini 3.5 Flash,Balanced,before,../ImageDataset/Bicycles_parked.jpg,Row of Parked Bicycles,"A dense row of bicycles is parked outdoors on a paved surface, viewed from a low angle looking down the line. The bicycles feature various frame colors, including black, blue, and olive green, with most having black seats, though one seat is covered in a bright orange plastic bag. Metal handlebars, hand brakes, and rear luggage racks are visible, along with a pink patterned fabric lock wrapped around one frame. Green trees and a building facade are visible in the background, creating an urban street scene.",2.81,error,"'\n  ""subject_accuracy""'",,,,,,,
Gemini 3.5 Flash,Balanced,after,../ImageDataset/Apples.jpg,"Assorted Red, Green, and Yellow Apples","A close-up, overhead view displays a dense arrangement of fresh apples in various colors, including vibrant green, deep red, speckled orange-red, and pale yellow. Many of the apples feature small water droplets on their smooth skins, and their brown stems are visible pointing upward. The fruits are tightly packed together, filling the entire frame against a dark, obscured background.",2.82,error,"'\n  ""subject_accuracy""'",,,,,,,
Gemini 3.5 Flash,Balanced,after,../ImageDataset/Bicycles_parked.jpg,Row of Parked Bicycles,"A dense row of bicycles is parked closely together on a paved sidewalk, viewed from a low angle looking down the line. The bicycles feature various frame colors, including green, black, and blue, with most having black seats, though one seat is covered in a bright orange plastic bag. In the background, green trees, metal poles, and a red car are partially visible behind the parked bikes.",2.69,error,"'\n  ""subject_accuracy""'",,,,,,,
Gemini 3.1 Pro,Deep reasoning,before,../ImageDataset/Apples.jpg,Assorted Wet Fresh Apples,<heading>Assorted Wet Fresh Apples</heading><description>A,16.95,error,"'\n  ""subject_accuracy""'",,,,,,,
Gemini 3.1 Pro,Deep reasoning,before,../ImageDataset/Bicycles_parked.jpg,Row of Parked Bicycles,<heading>Row of Parked Bicycles</heading><description,6.75,error,"'\n  ""subject_accuracy""'",,,,,,,
Gemini 3.1 Pro,Deep reasoning,after,../ImageDataset/Apples.jpg,Wet Red and Green Apples,<heading>Wet Red and Green Apples</heading><description>A,16.13,error,"'\n  ""subject_accuracy""'",,,,,,,
Gemini 3.1 Pro,Deep reasoning,after,../ImageDataset/Bicycles_parked.jpg,Row of Parked Bicycles,<heading>Row of Parked Bicycles</heading><description,6.04,error,"'\n  ""subject_accuracy""'",,,,,,,
Gemini 3.1 Flash Lite,Fast,before,../ImageDataset/Apples.jpg,Assorted Fresh Apples,"A collection of fresh apples is arranged in a grid pattern, featuring a mix of red, green, and yellow varieties. The round fruits have smooth, waxy skins, some of which appear to have small water droplets on their surfaces. Each apple is centered around a small, brown stem located in a shallow depression at the top.",2.05,error,"'\n  ""subject_accuracy""'",,,,,,,
Gemini 3.1 Flash Lite,Fast,before,../ImageDataset/Bicycles_parked.jpg,Row of parked bicycles,"A dense row of parked bicycles is lined up along a city street, featuring various black saddles and metal frames in muted tones. One bicycle seat is covered with a bright orange protective cover, and a patterned pink fabric accessory is wrapped around the frame of a nearby bike. The scene is set outdoors with green trees and a partial view of a red car in the background.",1.97,error,"'\n  ""subject_accuracy""'",,,,,,,
Gemini 3.1 Flash Lite,Fast,after,../ImageDataset/Apples.jpg,Assorted Fresh Apples,"A collection of fresh apples in shades of red, green, and yellow are arranged in a dense, grid-like pattern. The round, smooth-skinned fruits feature small brown stems and occasional water droplets on their surfaces, suggesting they have been recently washed. The composition creates a uniform, textured background of varied fruit colors.",2.7,error,"'\n  ""subject_accuracy""'",,,,,,,
Gemini 3.1 Flash Lite,Fast,after,../ImageDataset/Bicycles_parked.jpg,Row of parked bicycles,"A dense row of parked bicycles features various black, metal frames and saddles, including one seat covered by a bright orange protective cover. The bicycles are equipped with rear racks, red reflectors, and handlebars, with some frames displaying branding such as ""XRM Components"" and ""Bologna."" The scene is set outdoors against a backdrop of green trees and a building, with a portion of a red car visible on the left.",2.24,error,"'\n  ""subject_accuracy""'",,,,,,,
Gemini 3 Flash,Balanced,before,../ImageDataset/Apples.jpg,Assorted Red and Green Apples,"A dense arrangement of whole apples fills the frame, featuring a mix of vibrant green, bright red, and yellow-green varieties. Many of the fruits have small water droplets on their smooth skins, and several show short brown stems at their centers. The apples are packed closely together in a repeating pattern of round shapes and varied colors, suggesting a fresh harvest or market display.",3.08,error,"'\n  ""subject_accuracy""'",,,,,,,
Gemini 3 Flash,Balanced,before,../ImageDataset/Bicycles_parked.jpg,Row of parked bicycles,"A dense row of bicycles is parked outdoors along a sidewalk, featuring various frame colors like olive green, blue, and black. The focus is on the rear racks, black saddles, and handlebars, with one seat covered by a bright orange waterproof plastic bag. Metal frames, rubber tires, and a pink floral-patterned lock are visible against a background of green trees and a red car.",2.98,error,"'\n  ""subject_accuracy""'",,,,,,,
Gemini 3 Flash,Balanced,after,../ImageDataset/Apples.jpg,Assorted Red and Green Apples,"A dense arrangement of whole apples features a variety of colors including bright green, deep red, and pale yellow-green. The round fruits are tightly packed together, many showing small water droplets on their smooth, waxy skins. The lighting highlights the spherical shapes and the subtle textures of the stems and skin speckles against a dark, indistinct background.",2.7,error,"'\n  ""subject_accuracy""'",,,,,,,
Gemini 3 Flash,Balanced,after,../ImageDataset/Bicycles_parked.jpg,Row of parked bicycles,"A dense row of bicycles is parked outdoors along a sidewalk, featuring various frame colors like olive green, blue, and black. The foreground highlights black padded seats, metal rear racks, and one saddle covered with a bright orange waterproof plastic bag. The bikes are positioned closely together with visible handlebars, bells, and tires against a background of green trees and a red car.",2.57,error,"'\n  ""subject_accuracy""'",,,,,,,
Qwen 3.7 Plus,Balanced,before,../ImageDataset/Apples.jpg,Assorted Red and Green Apples,"A close-up, top-down view displays a dense arrangement of fresh apples in varying shades of deep red, bright green, and pale yellow-green. The round fruits feature smooth, shiny skins, with some exhibiting small water droplets and short brown stems protruding from their centers. The tightly packed composition fills the entire frame, highlighting the natural color variations and textures of the produce.",8.21,error,"'\n  ""subject_accuracy""'",,,,,,,
Qwen 3.7 Plus,Balanced,before,../ImageDataset/Bicycles_parked.jpg,Densely Parked City Bicycles,"A long, tightly packed row of bicycles is parked outdoors, viewed from a low angle focusing on the rear seats and handlebars. The bikes feature black rubber seats, silver metal handlebars, and various frame colors, including a prominent olive green frame in the foreground and a blue frame with ""BLONDA"" text. An orange cover rests on one seat, while a pink floral patterned lock is attached to another, set against a background of green trees and a brick building.",9.18,error,"'\n  ""subject_accuracy""'",,,,,,,
Qwen 3.7 Plus,Balanced,after,../ImageDataset/Apples.jpg,Assorted Red and Green Apples,"A close-up view displays a dense arrangement of round apples in varying shades of deep red, bright green, and pale yellow-green. The fruits feature smooth, shiny skins with visible water droplets and small brown stems protruding from their centers. They are packed tightly together, filling the entire frame with their colorful, textured surfaces.",8.14,error,"'\n  ""subject_accuracy""'",,,,,,,
Qwen 3.7 Plus,Balanced,after,../ImageDataset/Bicycles_parked.jpg,Row of parked bicycles,"A dense row of parked bicycles is lined up outdoors, featuring numerous black seats, silver handlebars, and metal frames. A bright orange seat cover stands out among the dark saddles, while a pink floral patterned cover is wrapped around a handlebar stem. Visible text includes ""XRM"" on a black seat and ""Batavus"" on a blue frame, with green trees and a red car in the background.",8.89,error,"'\n  ""subject_accuracy""'",,,,,,,
Qwen 3.6 Flash,Fast,before,../ImageDataset/Apples.jpg,Assorted Red and Green Apples,"A dense arrangement of fresh apples fills the frame, featuring a mix of vibrant red, bright green, and yellowish-green varieties. The smooth, shiny skins reflect light, highlighting small brown stems and natural imperfections on the round fruits. They are tightly packed together in a grid-like pattern, suggesting a market display or a large harvest pile.",38.17,error,"'\n  ""subject_accuracy""'",,,,,,,
Qwen 3.6 Flash,Fast,before,../ImageDataset/Bicycles_parked.jpg,,"A dense row of bicycles is parked closely together, featuring numerous black leather seats and chrome handlebars. One seat stands out with a bright orange protective cover, while another nearby seat is pink. In the foreground, an olive green bicycle frame with a black rear rack is visible, along with a pink patterned cable lock attached to a nearby bike.",56.33,error,"'\n  ""subject_accuracy""'",,,,,,,
Qwen 3.6 Flash,Fast,after,../ImageDataset/Apples.jpg,Assorted Fresh Red and Green Apples,"A dense pile of fresh apples fills the frame, showcasing a variety of vibrant red, deep crimson, bright green, and yellow skins. The smooth, waxy surfaces reflect light and appear to have small water droplets, suggesting they are recently washed. Brown stems protrude from the top indentations of the round fruits, which are tightly packed together in a colorful display.",26.06,error,"'\n  ""subject_accuracy""'",,,,,,,
Qwen 3.6 Flash,Fast,after,../ImageDataset/Bicycles_parked.jpg,,"<Dense Row of Parked Bicycles>
A dense row of bicycles is parked closely together, dominated by black leather saddles and chrome handlebars. An orange seat cover and a pink patterned object hang from the frames, contrasting with the metallic rear racks and a green foreground bike frame. Visible text includes ""XRM"" on a black seat and ""DLO"" on a blue frame, set against a background of green trees and a brick building.
</description>",35.2,error,"'\n  ""subject_accuracy""'",,,,,,,
Qwen 3.6 35B,Fast,before,../ImageDataset/Cute_seal.jpg,Baby Seal Pup Lying on Back,"A small, white seal pup lies on its back against a solid bright blue background, likely a pool or tank. The animal features fluffy white fur, dark round eyes, and a black nose, with its flippers extended outward in a relaxed posture.",5.68,error,"'\n  ""subject_accuracy""'",,,,,,,
Qwen 3.6 35B,Fast,before,../ImageDataset/Kitchen_interior_design.jpg,Stainless Steel Range and Wooden Cabinets,"Medium-toned wooden cabinetry with black hardware surrounds a stainless steel Wolf range hood and gas cooktop. The backsplash consists of light beige rectangular stone tiles illuminated by under-cabinet lighting, contrasting with a speckled granite countertop. Decorative elements include a tall purple orchid in the foreground, a colorful ceramic vase, and a framed art piece on the counter.",10.98,error,"'\n  ""subject_accuracy""'",,,,,,,
Qwen 3.6 35B,Fast,after,../ImageDataset/Pedestrians_crossing_the_a_busy_street.jpg,,"<Pedestrians walking on a paved road><Pedestrians walk along a paved road flanked by multi-story buildings, including a cream-colored structure in the distance and a red-and-white building on the right. A woman in a red and white striped outfit walks near a silver car with license plate K8H 900, while others carry backpacks and bags. A large poster advertising ""DUBS AUGUST 2019"" hangs on a pole to the left, near green metal scaffolding rising against the sky.</description>",20.57,error,"'\n  ""subject_accuracy""'",,,,,,,
Qwen 3.5 397B,Deep reasoning,before,../ImageDataset/Bicycles_parked.jpg,Row of parked city bicycles,"A dense row of parked bicycles is captured in close-up, highlighting a repetitive arrangement of black saddles, silver handlebars, and rear cargo racks. A bright orange seat cover provides a splash of color amidst the dark tones, while a green metal frame and rack dominate the foreground. Visible details include the text ""XRM"" on a black saddle and a patterned cloth tied to a handlebar, set against a backdrop of trees and a brick building.",20.45,error,"'\n  ""subject_accuracy""'",,,,,,,
Qwen 3.5 397B,Deep reasoning,before,../ImageDataset/Chair2.jpg,Grey Velvet High-Back Armchair,"This piece of furniture is a high-back armchair upholstered in a plush, light grey fabric that resembles velvet. It features a tall backrest with vertical button tufting and wide, curved armrests that wrap around the seating area. The chair is supported by a base of four splayed wooden legs arranged in a cross formation, suggesting a mid-century modern style, and is photographed against a stark white background.",13.58,error,"'\n  ""subject_accuracy""'",,,,,,,
Qwen 3.5 397B,Deep reasoning,after,../ImageDataset/Apples.jpg,Assorted Red Green and Yellow Apples,"A dense arrangement of fresh apples fills the frame, featuring a mix of vibrant red, bright green, and pale yellow varieties. The fruits exhibit smooth, glossy skins with visible water droplets and small brown stems protruding from their indentations. The tightly packed composition suggests a market display or grocery selection, highlighting the round shapes and varied hues of the produce.",12.28,error,"'\n  ""subject_accuracy""'",,,,,,,
Qwen 3.5 397B,Deep reasoning,after,../ImageDataset/Blurry_city.jpg,Blurry wet city street at night,"This out-of-focus urban scene depicts a wet street at night, awash in cool blue and cyan reflections on the slick pavement. Rectangular illuminated signs and billboards line the buildings on the right, displaying blurry graphics and a red logo, while warm yellow and orange bokeh lights indicate streetlamps and traffic in the background. A white vehicle appears on the right side with glowing red taillights, contributing to the busy, nocturnal atmosphere.",20.49,error,"'\n  ""subject_accuracy""'",,,,,,,
Qwen 3.5 122B,Balanced,before,../ImageDataset/Apples.jpg,Assorted Fresh Apples Display,"A vibrant assortment of fresh apples in red, green, and yellow hues fills the frame, showcasing their glossy skins and natural stems. The apples are tightly packed, creating a colorful mosaic that highlights their round shapes and varied textures. This arrangement suggests a market or grocery setting, emphasizing the freshness and variety of the fruit.",5.41,error,"'\n  ""subject_accuracy""'",,,,,,,
Qwen 3.5 122B,Balanced,before,../ImageDataset/Blurry_city.jpg,Blurred Night City Street,"A wet urban street at night reflects colorful neon lights from surrounding buildings and billboards. The scene is heavily blurred, with bokeh effects from vehicle headlights and taillights creating streaks of red, white, and blue on the glossy pavement. A taxi or similar vehicle is visible on the right, its rear lights glowing softly in the rain-slicked environment.",4.88,error,"'\n  ""subject_accuracy""'",,,,,,,
Qwen 3.5 122B,Balanced,after,../ImageDataset/Apples.jpg,Assorted Fresh Apples Display,"A close-up view of numerous fresh apples tightly packed together, showcasing a variety of colors including bright red, vibrant green, and yellow-green hues. The apples have smooth, glossy skins with visible water droplets, indicating they are freshly washed or dew-covered. Their round shapes and short stems are clearly visible, creating a colorful and textured pattern across the frame.",3.09,error,"'\n  ""subject_accuracy""'",,,,,,,
Qwen 3.5 122B,Balanced,after,../ImageDataset/Blurry_city.jpg,Blurred Night City Street,"A wet urban street at night reflects colorful neon lights and illuminated billboards, creating a bokeh effect. The scene includes indistinct vehicles and pedestrians, with prominent blue and red hues dominating the composition. Text on signs is unreadable due to blur, but commercial advertisements are visible in the background.",1.88,error,"'\n  ""subject_accuracy""'",,,,,,,
GPT-5.6 Sol,Deep reasoning,before,../ImageDataset/Apples.jpg,Red and Green Apples,"A dense arrangement of glossy red, green, and yellow apples fills the frame against a dark background. The round fruit has visible brown stems, speckled skin, and small water droplets.",3.89,success,,4.0,2.0,2.0,1.0,1.0,10.0,"The heading and description are highly accurate and perfectly describe the image. The description correctly identifies the colors (red, green, yellow), the glossy texture, the dark background, the brown stems, the speckled skin, and the small water droplets visible on the apples."
GPT-5.6 Sol,Deep reasoning,before,../ImageDataset/Bicycles_parked.jpg,Crowded Bicycle Parking,"Rows of tightly packed bicycles fill an outdoor parking area, with overlapping black saddles, chrome handlebars, racks, and wheels. An orange plastic seat cover, an olive-green bicycle frame, and a pink floral chain lock stand out against leafy trees and brick buildings.",3.49,success,,4.0,2.0,2.0,1.0,1.0,10.0,"The heading and description are highly accurate and detailed. They correctly identify the main subject, specific colors (orange seat cover, olive-green frame, pink floral chain lock), and background elements (trees, brick buildings) without any hallucinations."
GPT-5.6 Sol,Deep reasoning,after,../ImageDataset/Apples.jpg,Red and Green Apples,"A dense arrangement of glossy red, green, and yellow apples fills the frame against a dark background. The round fruit has visible brown stems, speckled skins, and small water droplets.",3.15,success,,4.0,2.0,2.0,1.0,1.0,10.0,"The heading is short and accurate. The description correctly identifies the subject, colors (red, green, yellow), and visual details such as the dark background, brown stems, speckled skins, and small water droplets."
GPT-5.6 Sol,Deep reasoning,after,../ImageDataset/Bicycles_parked.jpg,Crowded Bicycle Parking,"Rows of tightly packed bicycles fill an outdoor parking area beneath green trees, with overlapping chrome handlebars, black saddles, wheels, and metal luggage racks. Distinctive details include an olive-green bicycle in front, an orange plastic seat cover, and a pink floral chain lock.",6.15,success,,4.0,2.0,2.0,1.0,1.0,10.0,"The heading and description are highly accurate and descriptive. The text correctly identifies the main subject (crowded bicycle parking) and highlights specific visual details such as the olive-green bicycle frame in the foreground, the orange plastic seat cover, and the pink floral chain lock wrapped around a frame."
GPT-5.6 Terra,Balanced,before,../ImageDataset/Apples.jpg,Red and Green Apples,"A tightly packed arrangement of whole apples in glossy red, bright green, yellow-green, and red-yellow varieties. The round fruit has visible brown stems and water droplets, filling the frame against dark gaps between the apples.",3.83,success,,4.0,2.0,2.0,1.0,1.0,10.0,"The heading and description are highly accurate, concise, and perfectly describe the visual details of the image, including the colors, stems, water droplets, and dark gaps between the apples."
GPT-5.6 Terra,Balanced,before,../ImageDataset/Bicycles_parked.jpg,Row of Parked Bicycles,"A dense row of bicycles is parked along a tree-lined urban sidewalk, with overlapping black handlebars, saddles, frames, and rear cargo racks. A green bicycle with a large rear rack is prominent in front, while an orange seat cover and a pink floral-patterned chain lock add color among the mostly black and silver bikes.",3.5,success,,4.0,2.0,2.0,1.0,1.0,10.0,"The heading and description are highly accurate and detailed. The description correctly identifies the green bicycle frame in the foreground, the orange seat cover, and the pink floral-patterned chain lock wrapped around the frame."
GPT-5.6 Terra,Balanced,after,../ImageDataset/Apples.jpg,Red and Green Apples,"A tightly packed assortment of whole apples fills the frame, including glossy red, bright green, and pale yellow varieties. Water droplets cover many of the smooth round fruits, with brown stems visible against a dark background.",1.89,success,,4.0,2.0,2.0,1.0,1.0,10.0,"The heading is short and accurate. The description is highly accurate, correctly identifying the red, green, and pale yellow apples, the water droplets on their skin, the brown stems, and the dark background peeking through the tightly packed arrangement."
GPT-5.6 Terra,Balanced,after,../ImageDataset/Bicycles_parked.jpg,Dense Bicycle Parking Row,"A tightly packed row of bicycles is parked along a sidewalk beside trees and a building. Visible features include black saddles, chrome handlebars, rear cargo racks, fenders, and a green bicycle in front with a pink floral chain lock; one saddle is covered by an orange plastic bag.",2.28,success,,4.0,2.0,2.0,1.0,1.0,10.0,"The heading and description are highly accurate and detailed. The description correctly identifies the green bicycle in the foreground, the pink floral chain lock, the orange plastic bag covering one of the saddles, and other specific details like the black saddles and rear cargo racks."
GPT-5.6 Luna,Fast,before,../ImageDataset/Apples.jpg,Red Green and Yellow Apples,"A tightly packed arrangement of red, green, and yellow apples fills the frame, with visible stems, rounded shapes, smooth skins, and water droplets. The apples appear freshly washed and are set against a dark background.",3.0,success,,4.0,2.0,2.0,1.0,1.0,10.0,"The heading and description are highly accurate and perfectly describe the image. The colors, shapes, textures (smooth skins, water droplets), and arrangement of the apples are correctly identified without any hallucinations."
GPT-5.6 Luna,Fast,before,../ImageDataset/Bicycles_parked.jpg,Dense Urban Bicycle Rack,"Rows of parked bicycles with black saddles, chrome handlebars, metal racks, and fenders fill an outdoor bike parking area. A foreground olive-green bicycle has a rear cargo rack, while another bike carries an orange cover and a pink patterned handlebar bag, with leafy trees and a building in the background.",3.26,success,,4.0,2.0,2.0,1.0,1.0,10.0,"The heading and description are highly accurate and detailed. The description correctly identifies the olive-green bicycle in the foreground, the orange saddle cover, the pink patterned accessory (a chain lock wrapped around the frame, described as a handlebar bag which is a very minor misidentification but acceptable given the visual complexity), and the background elements."
GPT-5.6 Luna,Fast,after,../ImageDataset/Apples.jpg,Red Green and Yellow Apples,"A tightly packed arrangement of glossy apples fills the image, with red, bright green, and pale yellow-green fruit in rounded shapes and short brown stems. Water droplets are visible on several skins, creating a fresh market or produce-display context; no readable text appears.",1.8,success,,4.0,2.0,2.0,1.0,1.0,10.0,"The heading is short and accurate. The description correctly identifies the subject, colors, shapes, stems, and water droplets without any hallucinations."
GPT-5.6 Luna,Fast,after,../ImageDataset/Bicycles_parked.jpg,Parked Bicycle Row,"A dense row of parked city bicycles fills the foreground, featuring black and chrome frames, upright handlebars, padded saddles, rear racks, fenders, and baskets. One bicycle has an orange cover over its seat, while another displays “XRM Components” text; leafy trees and a brick building appear in the background.",1.82,success,,4.0,2.0,2.0,1.0,1.0,10.0,"The heading is short and accurate. The description is highly detailed and correct, accurately identifying the orange seat cover, the 'XRM Components' text on one of the saddles, and the background elements."
GPT-5.5,Deep reasoning,before,../ImageDataset/Apples.jpg,Assorted Fresh Apples,"Multiple whole apples are arranged tightly together on a dark background, with visible stems and glossy skins covered in small water droplets. The apples vary in color, including bright green, pale yellow, deep red, and red-yellow striped varieties.",4.17,success,,4.0,2.0,2.0,1.0,1.0,10.0,"The heading and description are highly accurate, concise, and perfectly describe the visual details of the image, including the colors, arrangement, water droplets, and dark background."
GPT-5.5,Deep reasoning,before,../ImageDataset/Bicycles_parked.jpg,Crowded Bicycle Parking,"A dense row of parked bicycles fills an outdoor rack, with many black saddles, chrome handlebars, metal frames, rear racks, and visible wheels overlapping. One bike has an orange plastic seat cover, another has a pink floral chain lock, and readable markings include ""X&M"" and ""ARIZONA"" on a dark frame, with trees, poles, and a street in the background.",3.49,success,,4.0,2.0,2.0,1.0,1.0,10.0,"The heading and description are highly accurate and detailed. The description correctly identifies specific details such as the orange seat cover, the pink floral chain lock, and the text markings ('XRM' read as 'X&M' and 'ARIZONA' on the frame) visible in the image."
GPT-5.5,Deep reasoning,after,../ImageDataset/Apples.jpg,Assorted Fresh Apples,"Multiple whole apples are arranged tightly together on a dark background, viewed from above with visible stems and dimples. The fruit includes glossy red, bright green, and pale yellow varieties with smooth skins and small water droplets, with no readable text present.",4.47,success,,4.0,2.0,2.0,1.0,1.0,10.0,"The heading and description are highly accurate, concise, and perfectly describe the visual details of the image, including the colors of the apples, the presence of water droplets, and the dark background."
GPT-5.5,Deep reasoning,after,../ImageDataset/Bicycles_parked.jpg,Crowded Bicycle Parking,"A dense row of parked bicycles fills an outdoor bike rack area, with overlapping black saddles, chrome handlebars, metal frames, fenders, and rear racks. Distinct details include an orange plastic-covered seat or bag near the center, a pink floral lock on the right, and partial branding text such as “XHM” and “BOLOGNA” on bike frames.",7.31,success,,4.0,2.0,2.0,1.0,1.0,10.0,"The heading and description are highly accurate and detailed. The text correctly identifies the main subject, colors, and specific text visible on the bicycles, such as 'XRM' (which looks like XHM in the text but is close enough given the font) and 'BOLOGNA'."
GPT-5.4 Mini,Fast,before,../ImageDataset/Apples.jpg,Assorted Apples Close-Up,"Multiple apples are tightly arranged in a close-up composition, featuring glossy red, green, and yellow-green skins with visible stems and small water droplets. The fruit appears fresh and fills the entire frame, with no other objects or readable text present.",2.0,success,,4.0,2.0,2.0,1.0,1.0,10.0,"The heading and description are highly accurate, concise, and perfectly describe the visual details of the image, including the colors of the apples, the presence of water droplets, and the composition."
GPT-5.4 Mini,Fast,before,../ImageDataset/Bicycles_parked.jpg,Row of parked bicycles,"Multiple bicycles are parked closely together in an outdoor rack, with black saddles, chrome handlebars, and mixed frame colors including olive green, blue, red, and black. One seat is covered in orange fabric, and there are trees and a building in the background; no readable text is clearly visible.",2.1,success,,4.0,2.0,2.0,1.0,1.0,10.0,"The heading and description are highly accurate and detailed. The description correctly identifies the subject, colors (including the olive green frame in the foreground, blue and red frames, and the orange seat cover), and background elements without any hallucinations."
GPT-5.4 Mini,Fast,after,../ImageDataset/Apples.jpg,Assorted Apples Close-Up,"A tightly packed arrangement of glossy apples fills the frame, including red, green, yellow, and red-yellow varieties with short brown stems. The fruit appears fresh and wet, likely photographed on a dark surface or against a dark background, with no readable text visible.",1.74,success,,4.0,2.0,2.0,1.0,1.0,10.0,"The heading and description are highly accurate, concise, and perfectly describe the visual details of the image, including the colors of the apples, the presence of water droplets (wetness), and the dark background."
GPT-5.4 Mini,Fast,after,../ImageDataset/Bicycles_parked.jpg,Row of parked bicycles,"A dense row of parked bicycles fills the frame, with black saddles, chrome handlebars, metal frames, and a mix of rear racks and fenders. One bike has an orange cover over the seat, another has a pink patterned handle grip, and the background includes leafy trees and a partial building facade with no clearly readable text.",1.81,success,,4.0,2.0,2.0,1.0,1.0,10.0,"The heading and description are highly accurate and detailed. The description correctly identifies the orange seat cover, the pink patterned fabric wrapped near the frame/handlebar area, the black saddles, and the background elements without any hallucinations."
Claude Sonnet 5,Balanced,before,../ImageDataset/Apples.jpg,Assorted Colorful Apples,"A close-up, overhead view of multiple apple varieties arranged closely together, including deep red apples, green Granny Smith-type apples, yellow-green apples, and red-orange bicolor apples with visible stems. The fruits have smooth, glossy skins with some water droplets, suggesting they are fresh and possibly recently washed, likely displayed at a market or grocery store.",6.11,success,,4.0,2.0,2.0,1.0,1.0,10.0,"The heading and description are highly accurate and descriptive. They correctly identify the subject (assorted apples), describe the visual details such as colors (green, red, yellow-green, bicolor), textures (smooth, glossy, water droplets), and composition (overhead, close-up) perfectly without any hallucinations."
Claude Sonnet 5,Balanced,before,../ImageDataset/Bicycles_parked.jpg,Rows of Parked Bicycles,"A dense row of parked bicycles, likely along a city street in a European city known for cycling, such as Amsterdam. The image highlights black leather saddles, chrome handlebars, rear racks, and one bright orange saddle cover, with a floral-patterned bike lock visible on the right; green trees and a red car are seen in the background.",6.19,success,,4.0,2.0,2.0,1.0,1.0,10.0,"The heading and description are highly accurate and detailed. They correctly identify the main subject, specific visual details (such as the orange saddle cover, floral-patterned bike lock, and red car in the background), and contain no hallucinations."
Claude Sonnet 5,Balanced,after,../ImageDataset/Apples.jpg,Assorted Fresh Apples Arrangement,"A close-up, top-down view of multiple rows of whole apples arranged in a grid pattern, showcasing several varieties. The apples display distinct colors including bright green (likely Granny Smith), dark red (possibly Red Delicious), red-orange with striping (possibly Gala or Fuji), and pale yellow-green (possibly Golden Delicious), each with visible stems and glossy, water-droplet-covered skins suggesting recent washing.",6.54,success,,4.0,2.0,2.0,1.0,1.0,10.0,"The heading and description are highly accurate, detailed, and perfectly describe the image. The colors, arrangement, and specific details like water droplets and stems are correctly identified without any hallucinations."
Claude Sonnet 5,Balanced,after,../ImageDataset/Bicycles_parked.jpg,Row of Parked City Bicycles,"A dense row of parked bicycles, mostly black city/commuter bikes with rear cargo racks, curved handlebars, and black leather-style seats, lined up along a street. One seat has an orange plastic rain cover, and a pink floral-patterned bicycle lock chain is visible on a nearby bike; a red car and green trees are seen in the background.",5.64,success,,4.0,2.0,2.0,1.0,1.0,10.0,"The heading and description are highly accurate and detailed. They correctly identify the main subject, specific visual details like the orange rain cover, the pink floral lock, the red car, and the green trees in the background without any hallucinations."
Claude Fable 5,Deep reasoning,before,../ImageDataset/Apples.jpg,Assorted Red and Green Apples,"A close-up arrangement of fresh apples in multiple varieties filling the entire frame, viewed from above. The apples include dark red varieties (likely Red Delicious), bright green (likely Granny Smith), yellow-green (possibly Golden Delicious), and red-yellow striped types (possibly Gala or Braeburn), all with visible stems and glossy, slightly wet skins. The fruits are packed tightly together in loose diagonal rows, creating a colorful pattern of alternating red, green, and yellow tones.",9.1,success,,4.0,2.0,2.0,1.0,1.0,10.0,"The heading is short and accurate. The description is highly detailed, correctly identifying the colors, arrangement, diagonal pattern, and the presence of water droplets on the skins of the apples without any hallucinations."
Claude Fable 5,Deep reasoning,before,../ImageDataset/Bicycles_parked.jpg,Crowded Bicycle Parking Row,"A densely packed row of parked city bicycles seen from behind, with numerous black saddles, handlebars, and rear luggage racks receding into the distance, likely in a Dutch or European street setting. One seat is covered with an orange rain cover, another saddle is purple, and a black saddle in the foreground bears the text ""XRM Components""; a pink-and-white floral cable lock is wrapped around a frame. A dark red car, green trees, and a brick building are visible in the background.",8.27,success,,4.0,2.0,2.0,1.0,1.0,10.0,"The heading is short and accurate. The description is highly detailed and completely correct, accurately identifying specific elements like the 'XRM Components' text on the saddle, the orange rain cover, the purple saddle, and the pink-and-white floral cable lock."
Claude Fable 5,Deep reasoning,after,../ImageDataset/Apples.jpg,Assorted Red and Green Apples,"A dense arrangement of fresh apples in multiple varieties, viewed from above, filling the entire frame. The apples include glossy dark red types (likely Red Delicious), bright green ones (likely Granny Smith), yellow-green (possibly Golden Delicious), and red-striped varieties such as Gala or Fuji. Their skins appear wet or waxed with visible water droplets, and most are oriented stem-side up against a dark background.",11.68,success,,4.0,2.0,2.0,1.0,1.0,10.0,"The heading and description are highly accurate and descriptive. They correctly identify the subject (assorted apples), the visual details (colors, water droplets, stem-side up orientation, dark background), and correctly identify likely varieties without making absolute claims."
Claude Fable 5,Deep reasoning,after,../ImageDataset/Bicycles_parked.jpg,Crowded Bicycle Parking Row,"A dense row of parked city bicycles receding into the distance, likely in the Netherlands, with black saddles, tangled handlebars, and metal rear luggage racks in the foreground. One saddle is covered with an orange rain cover, another black saddle bears the text ""XRM,"" and a chain lock wrapped in pink floral fabric hangs from a frame. A red car, green leafy trees, and a brick building are visible in the blurred background.",10.99,success,,4.0,2.0,2.0,1.0,1.0,10.0,"The heading and description are highly accurate and detailed. The description correctly identifies specific visual elements such as the orange rain cover, the 'XRM' text on the saddle, the pink floral chain lock, and the background elements (red car, trees, brick building)."
Claude Opus 4.8,Deep reasoning,before,../ImageDataset/Apples.jpg,Assorted Fresh Apple Varieties,"Numerous whole apples arranged closely together in a tightly packed display, viewed from above showing their stem ends. The assortment includes deep red, bright green, yellow-green, and bi-colored red-yellow varieties, likely representing types such as Red Delicious, Granny Smith, Golden Delicious, and Gala or Fuji. Some fruits display water droplets on their smooth, glossy skins, and short brown stems are visible on many of the apples.",7.13,success,,4.0,2.0,2.0,1.0,1.0,10.0,"The heading and description are highly accurate, detailed, and perfectly describe the image. The colors, textures (water droplets), and apple varieties are correctly identified without any hallucinations."
Claude Opus 4.8,Deep reasoning,before,../ImageDataset/Bicycles_parked.jpg,Row of Parked Bicycles,"Numerous bicycles parked closely together in a row, featuring black leather saddles, metal rear racks, and curved handlebars, with one saddle covered in an orange waterproof cover and another wrapped in floral-patterned fabric. The frames appear in colors including blue, red, and green, with visible text reading ""XRM"" and possibly ""Bologna"" on the components. Behind the bicycles are green leafy trees, a building with windows, and a partially visible dark red car, suggesting an urban outdoor bicycle parking area, possibly in the Netherlands.",7.36,success,,4.0,2.0,2.0,1.0,1.0,10.0,"The heading and description are highly accurate and detailed. The description correctly identifies specific visual elements such as the orange waterproof cover, the floral-patterned fabric wrapped around a frame component, the colors of the frames, and the text 'XRM' and 'Bologna' visible on the bicycle parts. The background elements (trees, building, dark red car) are also correctly described."
Claude Opus 4.8,Deep reasoning,after,../ImageDataset/Apples.jpg,Assorted Fresh Apple Varieties,"A tightly packed arrangement of whole apples in multiple varieties, including bright red, green, yellow-green, and bicolor red-yellow types with visible short brown stems. The fruit surfaces appear glossy with small water droplets, suggesting they are freshly washed, and are grouped closely together as in a market or produce display. The varieties likely include Granny Smith (green), Golden Delicious (yellow-green), Red Delicious or Gala (red), and Fuji or similar bicolor apples.",6.43,success,,4.0,2.0,2.0,1.0,1.0,10.0,"The heading and description are highly accurate, detailed, and perfectly describe the image. The colors, textures (glossy with water droplets), stems, and likely varieties are correctly identified without any hallucinations."
Claude Opus 4.8,Deep reasoning,after,../ImageDataset/Bicycles_parked.jpg,Row of Parked Bicycles,"Numerous bicycles are parked closely together in a row, showing predominantly black leather saddles, chrome and black handlebars, and metal rear racks. One seat is covered with an orange waterproof cover, another has a pink floral fabric wrapped around it, and readable text includes ""XRM"" and ""BOLOGNA"" on the frames. The background contains green trees, a building with windows, and a partially visible dark red car, suggesting an urban bicycle parking area possibly near a train station.",5.86,success,,4.0,2.0,2.0,1.0,1.0,10.0,"The heading and description are highly accurate and detailed. The description correctly identifies specific visual elements such as the orange waterproof cover, the pink floral fabric wrapped around a frame/lock, and the readable text 'XRM' and 'BOLOGNA' on the bicycle parts. The background elements like the trees, building, and dark red car are also correctly identified."
Claude Haiku 4.5,Fast,before,../ImageDataset/Apples.jpg,Mixed variety apples overhead,"A close-up overhead arrangement of fresh apples in three distinct varieties: bright green Granny Smith apples, deep red apples, and yellow-golden apples, all with visible moisture droplets on their skin. Each apple displays a characteristic stem and central dimple, and they are tightly packed together showing their round, smooth surfaces. The composition emphasizes the color contrast between the three apple types and their fresh, glossy appearance.",4.93,success,,4.0,2.0,2.0,1.0,1.0,10.0,"The heading and description are highly accurate and descriptive. They correctly identify the subject (mixed apples from an overhead perspective), note the specific colors (green, red, yellow-golden), and accurately describe visual details such as the moisture droplets, stems, and tight composition."
Claude Haiku 4.5,Fast,before,../ImageDataset/Bicycles_parked.jpg,Parked motorcycles and bicycles outdoor,"A row of motorcycles and bicycles parked in an outdoor lot, featuring predominantly black leather seats and chrome handlebars characteristic of cruiser-style motorcycles. One motorcycle displays a distinctive orange and white seat cover in the center of the composition. The foreground shows a green-framed bicycle with a teal seat cover, while the background reveals additional motorcycles with chrome details and a lush green tree canopy. The setting appears to be a public parking area or gathering spot, with residential or commercial buildings visible in the background.",4.45,success,,2.0,1.0,1.0,1.0,0.0,5.0,"The candidate completely misidentifies the subjects in the image. The image shows only bicycles parked in a row, not motorcycles. There are no 'cruiser-style motorcycles', 'chrome handlebars characteristic of motorcycles', or 'leather seats' of motorcycles. The entire description is built on the hallucination that many of these bicycles are motorcycles. The orange cover is plastic, not a 'distinctive orange and white seat cover'. The heading is also incorrect as it includes motorcycles."
Claude Haiku 4.5,Fast,after,../ImageDataset/Apples.jpg,Mixed variety apples overhead,"A close-up overhead view of fresh apples in three varieties: bright green Granny Smith apples, deep red apples, and pale yellow-green apples, all with visible moisture droplets on their smooth skin and characteristic stem indentations at the top. The apples are tightly arranged and appear to be at a market or produce display, showcasing the contrast between the different cultivars through their distinctive coloring.",5.39,success,,4.0,2.0,2.0,1.0,1.0,10.0,"The heading and description are highly accurate and descriptive. They correctly identify the subject (mixed apples from an overhead view), note the specific colors (green, red, yellow-green), mention the moisture droplets, and describe the tight arrangement perfectly without any hallucinations."
Claude Haiku 4.5,Fast,after,../ImageDataset/Bicycles_parked.jpg,Parked motorcycles and bicycles row,"A lineup of motorcycles and bicycles parked in an outdoor urban setting, featuring predominantly black leather seats, chrome handlebars, and metallic components. One motorcycle in the center displays a distinctive orange/gold seat cover, while others show various colors including blue and red frames. The scene includes a green-framed bicycle in the foreground and lush green foliage visible in the background, suggesting a park or street-side parking area in a residential or commercial district.",4.96,success,,3.0,1.0,1.0,1.0,0.0,6.0,"The image shows only bicycles, not motorcycles. The candidate incorrectly identifies motorcycles in both the heading and the description. Other details, such as the orange/gold seat cover (which is actually a plastic rain cover) and the green-framed bicycle in the foreground, are correctly identified."
Gemini 3.5 Flash,Balanced,before,../ImageDataset/Apples.jpg,"Assorted Red, Green, and Yellow Apples","A close-up, overhead view displays rows of fresh apples in various colors, including bright green, deep red, pale yellow, and bi-colored red-and-yellow varieties. Many of the apples feature small water droplets on their skin, suggesting they have been recently washed or misted. The apples are tightly packed together, filling the entire frame with their round shapes and natural textures.",2.83,success,,4.0,2.0,2.0,1.0,1.0,10.0,"The heading and description are highly accurate, detailed, and perfectly describe the image without any errors or hallucinations."
Gemini 3.5 Flash,Balanced,before,../ImageDataset/Bicycles_parked.jpg,Row of Parked Bicycles,"A dense row of bicycles is parked outdoors on a paved surface, viewed from a low angle looking down the line. The bicycles feature various frame colors, including black, blue, and olive green, with most having black seats, though one seat is covered in a bright orange plastic bag. Metal handlebars, hand brakes, and rear luggage racks are visible, along with a pink patterned fabric lock wrapped around one frame. Green trees and a building facade are visible in the background, creating an urban street scene.",2.81,success,,4.0,2.0,2.0,1.0,1.0,10.0,"The heading and description are highly accurate and detailed. The description correctly identifies the colors (black, blue, olive green), the orange seat cover (which is actually a fabric/plastic rain cover), the pink patterned fabric lock, and the background elements like the trees and building."
Gemini 3.5 Flash,Balanced,after,../ImageDataset/Apples.jpg,"Assorted Red, Green, and Yellow Apples","A close-up, overhead view displays a dense arrangement of fresh apples in various colors, including vibrant green, deep red, speckled orange-red, and pale yellow. Many of the apples feature small water droplets on their smooth skins, and their brown stems are visible pointing upward. The fruits are tightly packed together, filling the entire frame against a dark, obscured background.",2.82,success,,4.0,2.0,2.0,1.0,1.0,10.0,"The heading and description are highly accurate, detailed, and perfectly describe the image without any errors or hallucinations."
Gemini 3.5 Flash,Balanced,after,../ImageDataset/Bicycles_parked.jpg,Row of Parked Bicycles,"A dense row of bicycles is parked closely together on a paved sidewalk, viewed from a low angle looking down the line. The bicycles feature various frame colors, including green, black, and blue, with most having black seats, though one seat is covered in a bright orange plastic bag. In the background, green trees, metal poles, and a red car are partially visible behind the parked bikes.",2.69,success,,4.0,2.0,2.0,1.0,1.0,10.0,"The heading and description are highly accurate and detailed. The description correctly identifies the subject, the low-angle perspective, the specific frame colors, the orange plastic bag covering one of the seats, and background elements like the trees, metal poles, and the red car."
Gemini 3.1 Pro,Deep reasoning,before,../ImageDataset/Apples.jpg,Assorted Wet Fresh Apples,<heading>Assorted Wet Fresh Apples</heading><description>A,16.95,success,,4.0,1.0,2.0,0.0,1.0,8.0,"The heading is accurate and specific. However, the description is incomplete and cut off after the letter 'A', resulting in a lack of visual details and poor clarity."
Gemini 3.1 Pro,Deep reasoning,before,../ImageDataset/Bicycles_parked.jpg,Row of Parked Bicycles,<heading>Row of Parked Bicycles</heading><description,6.75,success,,4.0,0.0,2.0,0.0,1.0,7.0,"The heading is accurate and specific. However, the description is completely missing/cut off after the opening tag, resulting in a score of 0 for visual details and clarity."
Gemini 3.1 Pro,Deep reasoning,after,../ImageDataset/Apples.jpg,Wet Red and Green Apples,<heading>Wet Red and Green Apples</heading><description>A,16.13,success,,4.0,2.0,2.0,0.0,1.0,9.0,"The heading is accurate and specific. However, the description is incomplete, consisting of only the single letter 'A', which fails the clarity and completeness criteria."
Gemini 3.1 Pro,Deep reasoning,after,../ImageDataset/Bicycles_parked.jpg,Row of Parked Bicycles,<heading>Row of Parked Bicycles</heading><description,6.04,success,,4.0,0.0,2.0,0.0,1.0,7.0,"The heading is accurate and specific. However, the description is completely missing/cut off after the opening tag, resulting in a score of 0 for visual details and clarity."
Gemini 3.1 Flash Lite,Fast,before,../ImageDataset/Apples.jpg,Assorted Fresh Apples,"A collection of fresh apples is arranged in a grid pattern, featuring a mix of red, green, and yellow varieties. The round fruits have smooth, waxy skins, some of which appear to have small water droplets on their surfaces. Each apple is centered around a small, brown stem located in a shallow depression at the top.",2.05,success,,4.0,2.0,2.0,1.0,1.0,10.0,"The heading and description are highly accurate and perfectly describe the image. The subject is correctly identified as assorted apples, the visual details (colors, grid pattern, water droplets, stems) are correct, there are no hallucinations, and the text is clear and concise."
Gemini 3.1 Flash Lite,Fast,before,../ImageDataset/Bicycles_parked.jpg,Row of parked bicycles,"A dense row of parked bicycles is lined up along a city street, featuring various black saddles and metal frames in muted tones. One bicycle seat is covered with a bright orange protective cover, and a patterned pink fabric accessory is wrapped around the frame of a nearby bike. The scene is set outdoors with green trees and a partial view of a red car in the background.",1.97,success,,4.0,2.0,2.0,1.0,1.0,10.0,"The heading and description are highly accurate and detailed. The description correctly identifies the orange seat cover, the pink patterned fabric accessory (wrapped around the frame/lock area), the red car in the background, and the overall composition of the parked bicycles."
Gemini 3.1 Flash Lite,Fast,after,../ImageDataset/Apples.jpg,Assorted Fresh Apples,"A collection of fresh apples in shades of red, green, and yellow are arranged in a dense, grid-like pattern. The round, smooth-skinned fruits feature small brown stems and occasional water droplets on their surfaces, suggesting they have been recently washed. The composition creates a uniform, textured background of varied fruit colors.",2.7,success,,4.0,2.0,2.0,1.0,1.0,10.0,"The heading and description are highly accurate, detailed, and perfectly describe the image. The colors, textures, stems, and water droplets are all correctly identified without any hallucinations."
Gemini 3.1 Flash Lite,Fast,after,../ImageDataset/Bicycles_parked.jpg,Row of parked bicycles,"A dense row of parked bicycles features various black, metal frames and saddles, including one seat covered by a bright orange protective cover. The bicycles are equipped with rear racks, red reflectors, and handlebars, with some frames displaying branding such as ""XRM Components"" and ""Bologna."" The scene is set outdoors against a backdrop of green trees and a building, with a portion of a red car visible on the left.",2.24,success,,4.0,2.0,2.0,1.0,1.0,10.0,"The heading and description are highly accurate and detailed. The description correctly identifies specific visual elements such as the orange seat cover, the red reflectors, the red car on the left, and even the small text branding on the bicycle parts ('XRM Components' on the saddle and 'Bologna' on the frame)."
Gemini 3 Flash,Balanced,before,../ImageDataset/Apples.jpg,Assorted Red and Green Apples,"A dense arrangement of whole apples fills the frame, featuring a mix of vibrant green, bright red, and yellow-green varieties. Many of the fruits have small water droplets on their smooth skins, and several show short brown stems at their centers. The apples are packed closely together in a repeating pattern of round shapes and varied colors, suggesting a fresh harvest or market display.",3.08,success,,4.0,2.0,2.0,1.0,1.0,10.0,"The heading and description are highly accurate, concise, and perfectly describe the visual details of the image, including the colors, water droplets, and stems."
Gemini 3 Flash,Balanced,before,../ImageDataset/Bicycles_parked.jpg,Row of parked bicycles,"A dense row of bicycles is parked outdoors along a sidewalk, featuring various frame colors like olive green, blue, and black. The focus is on the rear racks, black saddles, and handlebars, with one seat covered by a bright orange waterproof plastic bag. Metal frames, rubber tires, and a pink floral-patterned lock are visible against a background of green trees and a red car.",2.98,success,,4.0,2.0,2.0,1.0,1.0,10.0,"The heading and description are highly accurate and detailed. They correctly identify the main subject, specific colors (olive green, blue, black, orange, pink floral-patterned lock), and background elements (green trees, red car) without any hallucinations."
Gemini 3 Flash,Balanced,after,../ImageDataset/Apples.jpg,Assorted Red and Green Apples,"A dense arrangement of whole apples features a variety of colors including bright green, deep red, and pale yellow-green. The round fruits are tightly packed together, many showing small water droplets on their smooth, waxy skins. The lighting highlights the spherical shapes and the subtle textures of the stems and skin speckles against a dark, indistinct background.",2.7,success,,4.0,2.0,2.0,1.0,1.0,10.0,"The heading and description are highly accurate and descriptive. They correctly identify the subject (apples), the colors (red, green, yellow-green), the presence of water droplets, and the dark background."
Gemini 3 Flash,Balanced,after,../ImageDataset/Bicycles_parked.jpg,Row of parked bicycles,"A dense row of bicycles is parked outdoors along a sidewalk, featuring various frame colors like olive green, blue, and black. The foreground highlights black padded seats, metal rear racks, and one saddle covered with a bright orange waterproof plastic bag. The bikes are positioned closely together with visible handlebars, bells, and tires against a background of green trees and a red car.",2.57,success,,4.0,2.0,2.0,1.0,1.0,10.0,"The heading and description are highly accurate and detailed. They correctly identify the main subject, colors (olive green, blue, black frames, orange saddle cover), and background elements (green trees, red car) without any hallucinations."
Qwen 3.7 Plus,Balanced,before,../ImageDataset/Apples.jpg,Assorted Red and Green Apples,"A close-up, top-down view displays a dense arrangement of fresh apples in varying shades of deep red, bright green, and pale yellow-green. The round fruits feature smooth, shiny skins, with some exhibiting small water droplets and short brown stems protruding from their centers. The tightly packed composition fills the entire frame, highlighting the natural color variations and textures of the produce.",8.21,success,,4.0,2.0,2.0,1.0,1.0,10.0,"The heading and description are highly accurate and perfectly describe the image. The colors (deep red, bright green, pale yellow-green), textures (smooth, shiny skins, water droplets), and composition (top-down, tightly packed) are all correctly identified without any hallucinations."
Qwen 3.7 Plus,Balanced,before,../ImageDataset/Bicycles_parked.jpg,Densely Parked City Bicycles,"A long, tightly packed row of bicycles is parked outdoors, viewed from a low angle focusing on the rear seats and handlebars. The bikes feature black rubber seats, silver metal handlebars, and various frame colors, including a prominent olive green frame in the foreground and a blue frame with ""BLONDA"" text. An orange cover rests on one seat, while a pink floral patterned lock is attached to another, set against a background of green trees and a brick building.",9.18,success,,4.0,2.0,1.0,1.0,1.0,9.0,"The description is highly accurate and detailed, correctly identifying the olive green frame, the orange seat cover, and the pink floral lock. There is a very minor reading error: the text on the blue bike frame actually reads 'BOLOGNA' rather than 'BLONDA', but otherwise the description is excellent."
Qwen 3.7 Plus,Balanced,after,../ImageDataset/Apples.jpg,Assorted Red and Green Apples,"A close-up view displays a dense arrangement of round apples in varying shades of deep red, bright green, and pale yellow-green. The fruits feature smooth, shiny skins with visible water droplets and small brown stems protruding from their centers. They are packed tightly together, filling the entire frame with their colorful, textured surfaces.",8.14,success,,4.0,2.0,2.0,1.0,1.0,10.0,"The heading and description are highly accurate, concise, and perfectly describe the image. All visual details such as the colors (red, green, pale yellow-green), the water droplets, and the tight composition are correct and verified by the image."
Qwen 3.7 Plus,Balanced,after,../ImageDataset/Bicycles_parked.jpg,Row of parked bicycles,"A dense row of parked bicycles is lined up outdoors, featuring numerous black seats, silver handlebars, and metal frames. A bright orange seat cover stands out among the dark saddles, while a pink floral patterned cover is wrapped around a handlebar stem. Visible text includes ""XRM"" on a black seat and ""Batavus"" on a blue frame, with green trees and a red car in the background.",8.89,success,,4.0,2.0,2.0,1.0,1.0,10.0,"The heading and description are highly accurate and detailed. The subject is correctly identified, and specific visual details such as the orange seat cover, pink floral pattern, 'XRM' text on the seat, 'Batavus' brand on the blue frame, and the red car in the background are all perfectly correct and verifiable from the image."
Qwen 3.6 Flash,Fast,before,../ImageDataset/Apples.jpg,Assorted Red and Green Apples,"A dense arrangement of fresh apples fills the frame, featuring a mix of vibrant red, bright green, and yellowish-green varieties. The smooth, shiny skins reflect light, highlighting small brown stems and natural imperfections on the round fruits. They are tightly packed together in a grid-like pattern, suggesting a market display or a large harvest pile.",38.17,success,,4.0,2.0,2.0,1.0,1.0,10.0,"The heading and description are highly accurate and perfectly describe the image. The colors (red, green, yellowish-green), textures (smooth, shiny, water droplets/imperfections), and arrangement (tightly packed grid-like pattern) are all correctly identified without any hallucinations."
Qwen 3.6 Flash,Fast,before,../ImageDataset/Bicycles_parked.jpg,,"A dense row of bicycles is parked closely together, featuring numerous black leather seats and chrome handlebars. One seat stands out with a bright orange protective cover, while another nearby seat is pink. In the foreground, an olive green bicycle frame with a black rear rack is visible, along with a pink patterned cable lock attached to a nearby bike.",56.33,success,,4.0,2.0,2.0,1.0,0.0,9.0,"The description is highly accurate, detailed, and free of hallucinations, correctly identifying the olive green frame, orange cover, pink seat, and pink patterned lock. However, the heading is completely missing."
Qwen 3.6 Flash,Fast,after,../ImageDataset/Apples.jpg,Assorted Fresh Red and Green Apples,"A dense pile of fresh apples fills the frame, showcasing a variety of vibrant red, deep crimson, bright green, and yellow skins. The smooth, waxy surfaces reflect light and appear to have small water droplets, suggesting they are recently washed. Brown stems protrude from the top indentations of the round fruits, which are tightly packed together in a colorful display.",26.06,success,,4.0,2.0,2.0,1.0,1.0,10.0,"The heading and description are highly accurate and descriptive. They correctly identify the subject (apples), the colors (red, green, yellow), the presence of water droplets, and the overall composition of the image."
Qwen 3.6 Flash,Fast,after,../ImageDataset/Bicycles_parked.jpg,,"<Dense Row of Parked Bicycles>
A dense row of bicycles is parked closely together, dominated by black leather saddles and chrome handlebars. An orange seat cover and a pink patterned object hang from the frames, contrasting with the metallic rear racks and a green foreground bike frame. Visible text includes ""XRM"" on a black seat and ""DLO"" on a blue frame, set against a background of green trees and a brick building.
</description>",35.2,success,,4.0,2.0,2.0,1.0,1.0,10.0,"The heading and description are highly accurate and detailed. The subject is correctly identified, and specific visual details such as the 'XRM' text on the seat, the orange seat cover, the pink patterned lock/object, and the green frame in the foreground are all correctly described."
Qwen 3.6 35B,Fast,before,../ImageDataset/Cute_seal.jpg,Baby Seal Pup Lying on Back,"A small, white seal pup lies on its back against a solid bright blue background, likely a pool or tank. The animal features fluffy white fur, dark round eyes, and a black nose, with its flippers extended outward in a relaxed posture.",5.68,success,,4.0,2.0,2.0,1.0,1.0,10.0,"The heading and description are highly accurate and perfectly describe the image. The subject is correctly identified as a baby seal pup, and the visual details (white fur, dark eyes, black nose, blue background) are correct and free of hallucinations."
Qwen 3.6 35B,Fast,before,../ImageDataset/Kitchen_interior_design.jpg,Stainless Steel Range and Wooden Cabinets,"Medium-toned wooden cabinetry with black hardware surrounds a stainless steel Wolf range hood and gas cooktop. The backsplash consists of light beige rectangular stone tiles illuminated by under-cabinet lighting, contrasting with a speckled granite countertop. Decorative elements include a tall purple orchid in the foreground, a colorful ceramic vase, and a framed art piece on the counter.",10.98,success,,4.0,2.0,1.0,1.0,1.0,9.0,"The description is highly accurate and detailed. It correctly identifies the materials, colors, and decorative elements. There is one minor brand hallucination: the range hood is labeled as 'Best by Broan' on its badge, not 'Wolf' (though the range/cooktop itself may be a Wolf, the hood is not)."
Qwen 3.6 35B,Fast,after,../ImageDataset/Pedestrians_crossing_the_a_busy_street.jpg,,"<Pedestrians walking on a paved road><Pedestrians walk along a paved road flanked by multi-story buildings, including a cream-colored structure in the distance and a red-and-white building on the right. A woman in a red and white striped outfit walks near a silver car with license plate K8H 900, while others carry backpacks and bags. A large poster advertising ""DUBS AUGUST 2019"" hangs on a pole to the left, near green metal scaffolding rising against the sky.</description>",20.57,success,,4.0,2.0,1.0,1.0,1.0,9.0,"The heading and description are highly accurate and detailed. The subject is correctly identified. Most visual details are correct, including the poster text ('DVBS AUGUST 2019', though the description misreads 'DVBS' as 'DUBS'), the red-and-white building, and the green metal structures (billboard frames, described as scaffolding). There is a minor hallucination/error regarding the silver car's license plate: it reads 'KBH 900' (partially cut off) but is transcribed as 'K8H 900'."
Qwen 3.5 397B,Deep reasoning,before,../ImageDataset/Bicycles_parked.jpg,Row of parked city bicycles,"A dense row of parked bicycles is captured in close-up, highlighting a repetitive arrangement of black saddles, silver handlebars, and rear cargo racks. A bright orange seat cover provides a splash of color amidst the dark tones, while a green metal frame and rack dominate the foreground. Visible details include the text ""XRM"" on a black saddle and a patterned cloth tied to a handlebar, set against a backdrop of trees and a brick building.",20.45,success,,4.0,2.0,2.0,1.0,1.0,10.0,"The heading and description are highly accurate and detailed. The subject is correctly identified, and specific visual details such as the 'XRM' text on the saddle, the orange seat cover, the green metal frame in the foreground, and the patterned cloth are all perfectly described without any hallucinations."
Qwen 3.5 397B,Deep reasoning,before,../ImageDataset/Chair2.jpg,Grey Velvet High-Back Armchair,"This piece of furniture is a high-back armchair upholstered in a plush, light grey fabric that resembles velvet. It features a tall backrest with vertical button tufting and wide, curved armrests that wrap around the seating area. The chair is supported by a base of four splayed wooden legs arranged in a cross formation, suggesting a mid-century modern style, and is photographed against a stark white background.",13.58,success,,4.0,2.0,2.0,1.0,1.0,10.0,"The heading and description are highly accurate and detailed. The subject is correctly identified as a grey velvet high-back armchair. Visual details such as the button tufting, splayed wooden legs in a cross formation, and the white background are perfectly described without any hallucinations."
Qwen 3.5 397B,Deep reasoning,after,../ImageDataset/Apples.jpg,Assorted Red Green and Yellow Apples,"A dense arrangement of fresh apples fills the frame, featuring a mix of vibrant red, bright green, and pale yellow varieties. The fruits exhibit smooth, glossy skins with visible water droplets and small brown stems protruding from their indentations. The tightly packed composition suggests a market display or grocery selection, highlighting the round shapes and varied hues of the produce.",12.28,success,,4.0,2.0,2.0,1.0,1.0,10.0,"The heading and description are highly accurate, detailed, and perfectly describe the image without any errors or hallucinations."
Qwen 3.5 397B,Deep reasoning,after,../ImageDataset/Blurry_city.jpg,Blurry wet city street at night,"This out-of-focus urban scene depicts a wet street at night, awash in cool blue and cyan reflections on the slick pavement. Rectangular illuminated signs and billboards line the buildings on the right, displaying blurry graphics and a red logo, while warm yellow and orange bokeh lights indicate streetlamps and traffic in the background. A white vehicle appears on the right side with glowing red taillights, contributing to the busy, nocturnal atmosphere.",20.49,success,,4.0,2.0,2.0,1.0,1.0,10.0,"The heading and description are highly accurate and descriptive. They correctly identify the blurry, wet city street at night, the cool blue reflections, the billboards (including the red Fjällräven logo on the top right), the warm bokeh lights, and the vehicle on the right with its lights."
Qwen 3.5 122B,Balanced,before,../ImageDataset/Apples.jpg,Assorted Fresh Apples Display,"A vibrant assortment of fresh apples in red, green, and yellow hues fills the frame, showcasing their glossy skins and natural stems. The apples are tightly packed, creating a colorful mosaic that highlights their round shapes and varied textures. This arrangement suggests a market or grocery setting, emphasizing the freshness and variety of the fruit.",5.41,success,,4.0,2.0,2.0,1.0,1.0,10.0,"The heading and description are highly accurate, concise, and perfectly describe the image. The colors (red, green, yellow), textures (glossy, wet/dewy), and arrangement are correctly identified without any hallucinations."
Qwen 3.5 122B,Balanced,before,../ImageDataset/Blurry_city.jpg,Blurred Night City Street,"A wet urban street at night reflects colorful neon lights from surrounding buildings and billboards. The scene is heavily blurred, with bokeh effects from vehicle headlights and taillights creating streaks of red, white, and blue on the glossy pavement. A taxi or similar vehicle is visible on the right, its rear lights glowing softly in the rain-slicked environment.",4.88,success,,4.0,2.0,2.0,1.0,1.0,10.0,"The heading and description are highly accurate and descriptive. They correctly identify the blurred, wet city street at night (likely Times Square based on the billboards, though keeping it general is safe), the reflections, the bokeh effects, and the vehicle on the right (which appears to be a police cruiser or taxi with blue/red lights)."
Qwen 3.5 122B,Balanced,after,../ImageDataset/Apples.jpg,Assorted Fresh Apples Display,"A close-up view of numerous fresh apples tightly packed together, showcasing a variety of colors including bright red, vibrant green, and yellow-green hues. The apples have smooth, glossy skins with visible water droplets, indicating they are freshly washed or dew-covered. Their round shapes and short stems are clearly visible, creating a colorful and textured pattern across the frame.",3.09,success,,4.0,2.0,2.0,1.0,1.0,10.0,"The heading and description are highly accurate, detailed, and perfectly describe the image without any errors or hallucinations."
Qwen 3.5 122B,Balanced,after,../ImageDataset/Blurry_city.jpg,Blurred Night City Street,"A wet urban street at night reflects colorful neon lights and illuminated billboards, creating a bokeh effect. The scene includes indistinct vehicles and pedestrians, with prominent blue and red hues dominating the composition. Text on signs is unreadable due to blur, but commercial advertisements are visible in the background.",1.88,success,,4.0,2.0,2.0,1.0,1.0,10.0,"The heading and description are highly accurate and perfectly describe the blurred, wet city street at night. It correctly identifies the bokeh effect, the wet reflections, the prominent blue and red hues, and the indistinct vehicles and advertisements (such as the Fjällräven logo visible in the top right, though blurred)."
