model,model_id,image_path,status,error,format_ok,response_time_seconds,heading,description,ai_response,judge_status,judge_error,quality_score,judge_reason
Gemma 4 26B A4B,google/gemma-4-26b-a4b-it:free,C:/Users/ROG/openlens/Model/ImageDataset/Blurry_city.jpg,success,,True,5.32,Blurred City Street at Night,"A nighttime urban street scene is captured with a heavy bokeh effect, making the details out of focus. Glowing blue, white, and yellow lights from buildings, advertisements, and vehicles reflect off the wet, dark pavement. A car with bright blue lights is visible on the right side of the street.","<heading>Blurred City Street at Night</heading><description>A nighttime urban street scene is captured with a heavy bokeh effect, making the details out of focus. Glowing blue, white, and yellow lights from buildings, advertisements, and vehicles reflect off the wet, dark pavement. A car with bright blue lights is visible on the right side of the street.</description>",success,,10.0,The description accurately captures the blurred nighttime city street with wet pavement and visible car lights.
Gemma 4 26B A4B,google/gemma-4-26b-a4b-it:free,C:/Users/ROG/openlens/Model/ImageDataset/crowded_market.jpg,success,,True,6.4,Crowded Marketplace Scene,"A large group of people, many wearing traditional head coverings and robes, gather in a busy, sunlit outdoor market. In the foreground, individuals sit near small wooden carts and baskets, while several men stand in the background amidst a hazy, bright atmosphere. The black and white image captures a candid moment of social interaction within a bustling communal space.","<heading>Crowded Marketplace Scene</heading><description>A large group of people, many wearing traditional head coverings and robes, gather in a busy, sunlit outdoor market. In the foreground, individuals sit near small wooden carts and baskets, while several men stand in the background amidst a hazy, bright atmosphere. The black and white image captures a candid moment of social interaction within a bustling communal space.</description>",success,,10.0,"The description accurately reflects the crowded, traditional market setting and visual details present in the image."
Gemma 4 26B A4B,google/gemma-4-26b-a4b-it:free,C:/Users/ROG/openlens/Model/ImageDataset/camouflaged_animal.jpg,success,,True,7.62,Lizard on rocky ground,"A textured, brownish-grey lizard rests on a desert floor covered in various sized rocks and sand. The reptile features spiny scales along its back and a long, slender tail extending toward the bottom right. The surrounding environment consists of tan earth and multi-colored stones in shades of grey, white, and brown.","<heading>Lizard on rocky ground</heading><description>A textured, brownish-grey lizard rests on a desert floor covered in various sized rocks and sand. The reptile features spiny scales along its back and a long, slender tail extending toward the bottom right. The surrounding environment consists of tan earth and multi-colored stones in shades of grey, white, and brown.</description>",success,,10.0,The description accurately reflects the lizard and its rocky environment without any inaccuracies.
Gemma 4 26B A4B,google/gemma-4-26b-a4b-it:free,C:/Users/ROG/openlens/Model/ImageDataset/cyclist.jpg,success,,True,12.1,Person riding a bicycle,"A person in a white shirt and dark shorts rides a silver bicycle along a paved road. The scene is captured with motion blur, showing a sunlit outdoor setting with silhouettes of people and structures in the background.","<heading>Person riding a bicycle</heading><description>A person in a white shirt and dark shorts rides a silver bicycle along a paved road. The scene is captured with motion blur, showing a sunlit outdoor setting with silhouettes of people and structures in the background.</description>",success,,10.0,"The description accurately captures the main subject, attire, bike, setting, and motion blur present in the image."
Gemma 4 26B A4B,google/gemma-4-26b-a4b-it:free,C:/Users/ROG/openlens/Model/ImageDataset/night_traffic_blur.jpg,success,,True,5.21,Nighttime roundabout with light trails,"A long-exposure photograph captures glowing white and red light trails from moving vehicles circling a roundabout at night. In the center of the roundabout stands a large, illuminated golden globe sculpture set against a dark background of trees and buildings. Various blue and yellow road signs are visible along the perimeter of the paved intersection.","<heading>Nighttime roundabout with light trails</heading><description>A long-exposure photograph captures glowing white and red light trails from moving vehicles circling a roundabout at night. In the center of the roundabout stands a large, illuminated golden globe sculpture set against a dark background of trees and buildings. Various blue and yellow road signs are visible along the perimeter of the paved intersection.</description>",success,,10.0,"The description accurately captures the nighttime roundabout, light trails, central globe, and surrounding signs."
Gemma 4 26B A4B,google/gemma-4-26b-a4b-it:free,C:/Users/ROG/openlens/Model/ImageDataset/dark_light_man.jpg,success,,True,15.13,Silhouette of a Woman,"A side profile silhouette of a woman with voluminous curly hair stands against a dark, textured wall. She is wearing light-colored bottoms and is positioned in front of a wooden headboard and bed linens.","<heading>Silhouette of a Woman</heading><description>A side profile silhouette of a woman with voluminous curly hair stands against a dark, textured wall. She is wearing light-colored bottoms and is positioned in front of a wooden headboard and bed linens.</description>",success,,10.0,"The description precisely matches the silhouette, hair, clothing, and background elements shown in the image."
Gemma 4 26B A4B,google/gemma-4-26b-a4b-it:free,C:/Users/ROG/openlens/Model/ImageDataset/distant_road_sign.jpg,success,,True,10.42,White obelisk in a park,"A white, tapered obelisk stands in a grassy area surrounded by various green trees and palm trees. A paved road and a portion of a dark blue car are visible in the foreground, while a utility pole stands near the trees under a bright sky.","<heading>White obelisk in a park</heading><description>A white, tapered obelisk stands in a grassy area surrounded by various green trees and palm trees. A paved road and a portion of a dark blue car are visible in the foreground, while a utility pole stands near the trees under a bright sky.</description>",success,,10.0,The description accurately captures the main subject and surrounding details without errors.
Gemma 4 26B A4B,google/gemma-4-26b-a4b-it:free,C:/Users/ROG/openlens/Model/ImageDataset/smoke_ships.jpg,success,,True,12.39,Aerial view of harbor,"An aerial black and white photograph shows several long, narrow ships docked alongside rectangular piers in a harbor. Thick white smoke or clouds billow from the water between the piers, obscuring parts of the dark water and the vessels.","<heading>Aerial view of harbor</heading><description>An aerial black and white photograph shows several long, narrow ships docked alongside rectangular piers in a harbor. Thick white smoke or clouds billow from the water between the piers, obscuring parts of the dark water and the vessels.</description>",success,,10.0,"The description accurately captures the aerial harbor scene with ships, piers, and smoke, matching the image."
Gemma 4 26B A4B,google/gemma-4-26b-a4b-it:free,C:/Users/ROG/openlens/Model/ImageDataset/rain_window_reflection.jpg,success,,True,16.31,Road intersection with signs,"A wet asphalt road features a red car turning left and a dark red car parked near a guardrail. Various directional and regulatory signs are visible, including a red octagonal stop sign and blue and white highway markers for routes 90, 414, 20, and 5.","<heading>Road intersection with signs</heading><description>A wet asphalt road features a red car turning left and a dark red car parked near a guardrail. Various directional and regulatory signs are visible, including a red octagonal stop sign and blue and white highway markers for routes 90, 414, 20, and 5.</description>",success,,10.0,Description matches the scene accurately with relevant details and no evident errors.
Gemma 4 26B A4B,google/gemma-4-26b-a4b-it:free,C:/Users/ROG/openlens/Model/ImageDataset/insect.jpg,success,,True,36.96,Fly on a green leaf,"A small, dark-colored fly is perched on the edge of a bright green leaf. The leaf is part of a plant stem and shows some signs of wear or nibbling at the tip. The background is softly blurred, showing muted tones of brown and green.","<heading>Fly on a green leaf</heading><description>A small, dark-colored fly is perched on the edge of a bright green leaf. The leaf is part of a plant stem and shows some signs of wear or nibbling at the tip. The background is softly blurred, showing muted tones of brown and green.</description>",success,,10.0,"The description accurately captures the fly, leaf, and background details, matching the image well."
Gemma 4 31B,google/gemma-4-31b-it:free,C:/Users/ROG/openlens/Model/ImageDataset/Blurry_city.jpg,error,"HTTP 429: {""error"":{""message"":""Provider returned error"",""code"":429,""metadata"":{""raw"":""google/gemma-4-31b-it:free is temporarily rate-limited upstream. Please retry shortly, or add your own key to accumulate your rate limits: https://openrouter.ai/settings/integrations"",""provider_name"":""Google AI Studio"",""is_b",False,35.58,,,,not_run,Generation failed,,
Gemma 4 31B,google/gemma-4-31b-it:free,C:/Users/ROG/openlens/Model/ImageDataset/camouflaged_animal.jpg,error,"HTTP 429: {""error"":{""message"":""Provider returned error"",""code"":429,""metadata"":{""raw"":""google/gemma-4-31b-it:free is temporarily rate-limited upstream. Please retry shortly, or add your own key to accumulate your rate limits: https://openrouter.ai/settings/integrations"",""provider_name"":""Google AI Studio"",""is_b",False,40.33,,,,not_run,Generation failed,,
Gemma 4 31B,google/gemma-4-31b-it:free,C:/Users/ROG/openlens/Model/ImageDataset/crowded_market.jpg,error,"HTTP 429: {""error"":{""message"":""Provider returned error"",""code"":429,""metadata"":{""raw"":""google/gemma-4-31b-it:free is temporarily rate-limited upstream. Please retry shortly, or add your own key to accumulate your rate limits: https://openrouter.ai/settings/integrations"",""provider_name"":""Google AI Studio"",""is_b",False,37.56,,,,not_run,Generation failed,,
Gemma 4 31B,google/gemma-4-31b-it:free,C:/Users/ROG/openlens/Model/ImageDataset/cyclist.jpg,error,"HTTP 429: {""error"":{""message"":""Provider returned error"",""code"":429,""metadata"":{""raw"":""google/gemma-4-31b-it:free is temporarily rate-limited upstream. Please retry shortly, or add your own key to accumulate your rate limits: https://openrouter.ai/settings/integrations"",""provider_name"":""Google AI Studio"",""is_b",False,37.38,,,,not_run,Generation failed,,
Gemma 4 31B,google/gemma-4-31b-it:free,C:/Users/ROG/openlens/Model/ImageDataset/dark_light_man.jpg,error,"HTTP 429: {""error"":{""message"":""Provider returned error"",""code"":429,""metadata"":{""raw"":""google/gemma-4-31b-it:free is temporarily rate-limited upstream. Please retry shortly, or add your own key to accumulate your rate limits: https://openrouter.ai/settings/integrations"",""provider_name"":""Google AI Studio"",""is_b",False,37.84,,,,not_run,Generation failed,,
Gemma 4 31B,google/gemma-4-31b-it:free,C:/Users/ROG/openlens/Model/ImageDataset/distant_road_sign.jpg,error,"HTTP 429: {""error"":{""message"":""Provider returned error"",""code"":429,""metadata"":{""raw"":""google/gemma-4-31b-it:free is temporarily rate-limited upstream. Please retry shortly, or add your own key to accumulate your rate limits: https://openrouter.ai/settings/integrations"",""provider_name"":""Google AI Studio"",""is_b",False,39.3,,,,not_run,Generation failed,,
Gemma 4 31B,google/gemma-4-31b-it:free,C:/Users/ROG/openlens/Model/ImageDataset/insect.jpg,error,"HTTP 429: {""error"":{""message"":""Provider returned error"",""code"":429,""metadata"":{""raw"":""google/gemma-4-31b-it:free is temporarily rate-limited upstream. Please retry shortly, or add your own key to accumulate your rate limits: https://openrouter.ai/settings/integrations"",""provider_name"":""Google AI Studio"",""is_b",False,37.93,,,,not_run,Generation failed,,
Nemotron Nano 12B VL,nvidia/nemotron-nano-12b-v2-vl:free,C:/Users/ROG/openlens/Model/ImageDataset/Blurry_city.jpg,success,,False,6.04,,"heading>Blurred City Night
description>The main subject of the image is a city street at night, captured with a shallow depth of field that blurs the background. The street is wet, reflecting the myriad of lights from the surrounding buildings and vehicles, which are out of focus, creating a bokeh effect. The colors are predominantly dark with splashes of light in yellow, white, and red, suggesting the presence of traffic signals and street lamps. The materials visible are the smooth, reflective surface of the wet pavement and the varied textures of the urban environment, including the facades of buildings and the metallic sheen of vehicles. There is no readable text due to the blur, and the context is that of a bustling city after dark, possibly after a rain shower given the sheen on the street.","heading>Blurred City Night
description>The main subject of the image is a city street at night, captured with a shallow depth of field that blurs the background. The street is wet, reflecting the myriad of lights from the surrounding buildings and vehicles, which are out of focus, creating a bokeh effect. The colors are predominantly dark with splashes of light in yellow, white, and red, suggesting the presence of traffic signals and street lamps. The materials visible are the smooth, reflective surface of the wet pavement and the varied textures of the urban environment, including the facades of buildings and the metallic sheen of vehicles. There is no readable text due to the blur, and the context is that of a bustling city after dark, possibly after a rain shower given the sheen on the street.
",success,,10.0,The description accurately captures the blurred night city scene with appropriate visual details and no unsupported claims.
Gemma 4 31B,google/gemma-4-31b-it:free,C:/Users/ROG/openlens/Model/ImageDataset/night_traffic_blur.jpg,error,"HTTP 429: {""error"":{""message"":""Provider returned error"",""code"":429,""metadata"":{""raw"":""google/gemma-4-31b-it:free is temporarily rate-limited upstream. Please retry shortly, or add your own key to accumulate your rate limits: https://openrouter.ai/settings/integrations"",""provider_name"":""Google AI Studio"",""is_b",False,37.73,,,,not_run,Generation failed,,
Nemotron Nano 12B VL,nvidia/nemotron-nano-12b-v2-vl:free,C:/Users/ROG/openlens/Model/ImageDataset/camouflaged_animal.jpg,success,,False,9.14,,"heading>Camouflaged Lizard on Rocky Terrain

description>The main subject of the image is a lizard, which is the focal point and is positioned centrally. The lizard's body is elongated with a tail that extends towards the bottom right corner of the frame. Its scales exhibit a mottled pattern of browns, tans, and grays, providing excellent camouflage against the similarly colored rocks and pebbles that make up the ground. The lizard's head is turned slightly towards the camera, allowing a clear view of its eye and the texture of its skin. The surrounding environment consists of a variety of small to medium-sized rocks and pebbles, with no vegetation in sight, suggesting a dry, possibly arid habitat. There is no readable text or human-made objects in the image, and the lizard appears to be in a natural, undisturbed state.","heading>Camouflaged Lizard on Rocky Terrain

description>The main subject of the image is a lizard, which is the focal point and is positioned centrally. The lizard's body is elongated with a tail that extends towards the bottom right corner of the frame. Its scales exhibit a mottled pattern of browns, tans, and grays, providing excellent camouflage against the similarly colored rocks and pebbles that make up the ground. The lizard's head is turned slightly towards the camera, allowing a clear view of its eye and the texture of its skin. The surrounding environment consists of a variety of small to medium-sized rocks and pebbles, with no vegetation in sight, suggesting a dry, possibly arid habitat. There is no readable text or human-made objects in the image, and the lizard appears to be in a natural, undisturbed state.
",success,,10.0,The heading and description accurately capture the lizard and its rocky setting with appropriate detail and no errors.
Gemma 4 31B,google/gemma-4-31b-it:free,C:/Users/ROG/openlens/Model/ImageDataset/rain_window_reflection.jpg,error,"HTTP 429: {""error"":{""message"":""Provider returned error"",""code"":429,""metadata"":{""raw"":""google/gemma-4-31b-it:free is temporarily rate-limited upstream. Please retry shortly, or add your own key to accumulate your rate limits: https://openrouter.ai/settings/integrations"",""provider_name"":""Google AI Studio"",""is_b",False,37.85,,,,not_run,Generation failed,,
Nemotron Nano 12B VL,nvidia/nemotron-nano-12b-v2-vl:free,C:/Users/ROG/openlens/Model/ImageDataset/distant_road_sign.jpg,success,,False,4.3,,"heading>White Monument at Roadside

description>A white, obelisk-shaped monument stands prominently in a grassy area beside a road. The structure, which appears to be made of concrete or stone, is unadorned and tapers slightly towards the top. It is surrounded by a variety of trees and shrubs, indicating it may be a point of interest or a memorial in a suburban or rural setting.","heading>White Monument at Roadside

description>A white, obelisk-shaped monument stands prominently in a grassy area beside a road. The structure, which appears to be made of concrete or stone, is unadorned and tapers slightly towards the top. It is surrounded by a variety of trees and shrubs, indicating it may be a point of interest or a memorial in a suburban or rural setting.
",success,,10.0,The description precisely matches the visible white obelisk monument and its roadside setting.
Nemotron Nano 12B VL,nvidia/nemotron-nano-12b-v2-vl:free,C:/Users/ROG/openlens/Model/ImageDataset/dark_light_man.jpg,success,,False,5.33,,"heading>Silhouetted Figure in Bedroom
description>The main subject is a person with curly hair standing in a dimly lit room, facing away from the camera. The individual is wearing striped waistband underwear and grey sweatpants, with their bare back and shoulders visible. The room's context is suggested by a bed with a wooden headboard and disheveled bedding, indicating a private, possibly domestic setting. The lighting creates a silhouette effect, emphasizing the person's outline and the texture of their hair.","heading>Silhouetted Figure in Bedroom
description>The main subject is a person with curly hair standing in a dimly lit room, facing away from the camera. The individual is wearing striped waistband underwear and grey sweatpants, with their bare back and shoulders visible. The room's context is suggested by a bed with a wooden headboard and disheveled bedding, indicating a private, possibly domestic setting. The lighting creates a silhouette effect, emphasizing the person's outline and the texture of their hair.
",success,,10.0,"The description accurately captures the subject, setting, and lighting without hallucination."
Nemotron Nano 12B VL,nvidia/nemotron-nano-12b-v2-vl:free,C:/Users/ROG/openlens/Model/ImageDataset/insect.jpg,success,,False,8.36,,"heading>Insect on a Leaf

description>The main subject of the image is a fly perched on the edge of a green leaf. The fly has a dark body, with its wings slightly spread and legs gripping the leaf's surface. The leaf is attached to a stem and shows signs of wear with a slightly jagged edge. The background is out of focus, emphasizing the fly and the leaf in the foreground.","heading>Insect on a Leaf

description>The main subject of the image is a fly perched on the edge of a green leaf. The fly has a dark body, with its wings slightly spread and legs gripping the leaf's surface. The leaf is attached to a stem and shows signs of wear with a slightly jagged edge. The background is out of focus, emphasizing the fly and the leaf in the foreground.
",success,,10.0,The heading correctly identifies the subject and the description matches visible details without adding false information.
Gemma 4 31B,google/gemma-4-31b-it:free,C:/Users/ROG/openlens/Model/ImageDataset/smoke_ships.jpg,error,"HTTP 429: {""error"":{""message"":""Provider returned error"",""code"":429,""metadata"":{""raw"":""google/gemma-4-31b-it:free is temporarily rate-limited upstream. Please retry shortly, or add your own key to accumulate your rate limits: https://openrouter.ai/settings/integrations"",""provider_name"":""Google AI Studio"",""is_b",False,39.85,,,,not_run,Generation failed,,
Nemotron Nano 12B VL,nvidia/nemotron-nano-12b-v2-vl:free,C:/Users/ROG/openlens/Model/ImageDataset/rain_window_reflection.jpg,success,,False,6.54,,"heading>Road Intersection with Signage
description>This image captures a wet road intersection with multiple traffic signs. Prominently, a red octagonal stop sign with white lettering indicates an all-way stop, while a series of blue and white directional signs point to various routes, including Interstate 90, New York State Route 414, and New York State Route 5. The signs are mounted on metal poles, and the road is slick with rain, reflecting the overcast sky above.","heading>Road Intersection with Signage
description>This image captures a wet road intersection with multiple traffic signs. Prominently, a red octagonal stop sign with white lettering indicates an all-way stop, while a series of blue and white directional signs point to various routes, including Interstate 90, New York State Route 414, and New York State Route 5. The signs are mounted on metal poles, and the road is slick with rain, reflecting the overcast sky above.
",success,,10.0,"Accurate, detailed, and clear description of the intersection and signage."
Nemotron Nano 12B VL,nvidia/nemotron-nano-12b-v2-vl:free,C:/Users/ROG/openlens/Model/ImageDataset/crowded_market.jpg,success,,True,31.71,Marketplace Gathering,"The main subject is a diverse group of individuals in a marketplace. The scene is set in a bustling outdoor market, with people dressed in traditional attire, some seated and others standing. The attire includes headscarves and robes, suggesting a cultural or regional context. The image is in black and white, which adds a timeless quality to the scene. The market is filled with various items for sale, and the atmosphere is lively, with people engaged in commerce and social interaction. The photograph captures a moment of everyday life, highlighting the communal aspect of marketplaces in certain cultures.","```xml
<heading>Marketplace Gathering</heading>
<description>The main subject is a diverse group of individuals in a marketplace. The scene is set in a bustling outdoor market, with people dressed in traditional attire, some seated and others standing. The attire includes headscarves and robes, suggesting a cultural or regional context. The image is in black and white, which adds a timeless quality to the scene. The market is filled with various items for sale, and the atmosphere is lively, with people engaged in commerce and social interaction. The photograph captures a moment of everyday life, highlighting the communal aspect of marketplaces in certain cultures.</description>
```
",success,,10.0,"The description accurately captures the crowded, traditional market scene with appropriate detail and clarity."
Nemotron Nano 12B VL,nvidia/nemotron-nano-12b-v2-vl:free,C:/Users/ROG/openlens/Model/ImageDataset/smoke_ships.jpg,success,,True,7.63,Harbor Fire,"The main subject of the image is a large fire at a harbor. The fire is producing thick, dark smoke that billows into the sky, obscuring parts of the harbor and the docked ships. The ships are large, with visible structures and equipment on deck, and the harbor is lined with buildings and infrastructure. The image is in black and white, which emphasizes the contrast between the dark smoke and the lighter areas of the harbor and ships. There is no readable text visible in the image.","```xml
<heading>Harbor Fire</heading>
<description>The main subject of the image is a large fire at a harbor. The fire is producing thick, dark smoke that billows into the sky, obscuring parts of the harbor and the docked ships. The ships are large, with visible structures and equipment on deck, and the harbor is lined with buildings and infrastructure. The image is in black and white, which emphasizes the contrast between the dark smoke and the lighter areas of the harbor and ships. There is no readable text visible in the image.</description>
```
",success,,10.0,"The image depicts a harbor with a large plume of smoke indicating a fire, aligning with the heading."
Lyria 3 Clip,google/lyria-3-clip-preview,C:/Users/ROG/openlens/Model/ImageDataset/Blurry_city.jpg,error,"HTTP 502: {""error"":{""message"":""Provider returned error"",""code"":502,""metadata"":{""raw"":""{\n  \""error\"": {\n    \""code\"": 500,\n    \""message\"": \""Internal error encountered.\"",\n    \""status\"": \""INTERNAL\""\n  }\n}\n"",""provider_name"":""Google AI Studio"",""is_byok"":false}},""user_id"":""user_3D7g83vscOcSdlwqfzI6Itk4n",False,51.17,,,,not_run,Generation failed,,
Lyria 3 Clip,google/lyria-3-clip-preview,C:/Users/ROG/openlens/Model/ImageDataset/crowded_market.jpg,error,"HTTP 502: {""error"":{""message"":""Provider returned error"",""code"":502,""metadata"":{""raw"":""{\n  \""error\"": {\n    \""code\"": 500,\n    \""message\"": \""Internal error encountered.\"",\n    \""status\"": \""INTERNAL\""\n  }\n}\n"",""provider_name"":""Google AI Studio"",""is_byok"":false}},""user_id"":""user_3D7g83vscOcSdlwqfzI6Itk4n",False,56.42,,,,not_run,Generation failed,,
Lyria 3 Clip,google/lyria-3-clip-preview,C:/Users/ROG/openlens/Model/ImageDataset/camouflaged_animal.jpg,error,"HTTP 502: {""error"":{""message"":""Provider returned error"",""code"":502,""metadata"":{""raw"":""{\n  \""error\"": {\n    \""code\"": 500,\n    \""message\"": \""Internal error encountered.\"",\n    \""status\"": \""INTERNAL\""\n  }\n}\n"",""provider_name"":""Google AI Studio"",""is_byok"":false}},""user_id"":""user_3D7g83vscOcSdlwqfzI6Itk4n",False,59.47,,,,not_run,Generation failed,,
Nemotron Nano 12B VL,nvidia/nemotron-nano-12b-v2-vl:free,C:/Users/ROG/openlens/Model/ImageDataset/cyclist.jpg,success,,False,129.83,,"heading>Blurred Bicyclist in Motion

description>The main subject is a bicyclist captured in motion, resulting in a blurred image. The cyclist is wearing a white shirt and dark shorts, riding a bicycle with a dark frame and light-colored wheels. The background is indistinct due to the motion blur, but it appears to be an outdoor setting with other people and structures that are not clearly visible.","heading>Blurred Bicyclist in Motion

description>The main subject is a bicyclist captured in motion, resulting in a blurred image. The cyclist is wearing a white shirt and dark shorts, riding a bicycle with a dark frame and light-colored wheels. The background is indistinct due to the motion blur, but it appears to be an outdoor setting with other people and structures that are not clearly visible.
",success,,10.0,The description accurately captures the motion-blurred cyclist and setting with appropriate detail and concise heading.
Lyria 3 Clip,google/lyria-3-clip-preview,C:/Users/ROG/openlens/Model/ImageDataset/cyclist.jpg,error,"HTTP 502: {""error"":{""message"":""Provider returned error"",""code"":502,""metadata"":{""raw"":""{\n  \""error\"": {\n    \""code\"": 500,\n    \""message\"": \""Internal error encountered.\"",\n    \""status\"": \""INTERNAL\""\n  }\n}\n"",""provider_name"":""Google AI Studio"",""is_byok"":false}},""user_id"":""user_3D7g83vscOcSdlwqfzI6Itk4n",False,56.79,,,,not_run,Generation failed,,
Lyria 3 Clip,google/lyria-3-clip-preview,C:/Users/ROG/openlens/Model/ImageDataset/dark_light_man.jpg,error,"HTTP 502: {""error"":{""message"":""Provider returned error"",""code"":502,""metadata"":{""raw"":""{\n  \""error\"": {\n    \""code\"": 500,\n    \""message\"": \""Internal error encountered.\"",\n    \""status\"": \""INTERNAL\""\n  }\n}\n"",""provider_name"":""Google AI Studio"",""is_byok"":false}},""user_id"":""user_3D7g83vscOcSdlwqfzI6Itk4n",False,53.35,,,,not_run,Generation failed,,
Lyria 3 Clip,google/lyria-3-clip-preview,C:/Users/ROG/openlens/Model/ImageDataset/distant_road_sign.jpg,error,"HTTP 502: {""error"":{""message"":""Provider returned error"",""code"":502,""metadata"":{""raw"":""{\n  \""error\"": {\n    \""code\"": 500,\n    \""message\"": \""Internal error encountered.\"",\n    \""status\"": \""INTERNAL\""\n  }\n}\n"",""provider_name"":""Google AI Studio"",""is_byok"":false}},""user_id"":""user_3D7g83vscOcSdlwqfzI6Itk4n",False,57.63,,,,not_run,Generation failed,,
Lyria 3 Clip,google/lyria-3-clip-preview,C:/Users/ROG/openlens/Model/ImageDataset/night_traffic_blur.jpg,error,"HTTP 502: {""error"":{""message"":""Provider returned error"",""code"":502,""metadata"":{""raw"":""{\n  \""error\"": {\n    \""code\"": 500,\n    \""message\"": \""Internal error encountered.\"",\n    \""status\"": \""INTERNAL\""\n  }\n}\n"",""provider_name"":""Google AI Studio"",""is_byok"":false}},""user_id"":""user_3D7g83vscOcSdlwqfzI6Itk4n",False,55.87,,,,not_run,Generation failed,,
Lyria 3 Clip,google/lyria-3-clip-preview,C:/Users/ROG/openlens/Model/ImageDataset/insect.jpg,error,"HTTP 502: {""error"":{""message"":""Provider returned error"",""code"":502,""metadata"":{""raw"":""{\n  \""error\"": {\n    \""code\"": 500,\n    \""message\"": \""Internal error encountered.\"",\n    \""status\"": \""INTERNAL\""\n  }\n}\n"",""provider_name"":""Google AI Studio"",""is_byok"":false}},""user_id"":""user_3D7g83vscOcSdlwqfzI6Itk4n",False,59.33,,,,not_run,Generation failed,,
Lyria 3 Clip,google/lyria-3-clip-preview,C:/Users/ROG/openlens/Model/ImageDataset/rain_window_reflection.jpg,error,"HTTP 502: {""error"":{""message"":""Provider returned error"",""code"":502,""metadata"":{""raw"":""{\n  \""error\"": {\n    \""code\"": 500,\n    \""message\"": \""Internal error encountered.\"",\n    \""status\"": \""INTERNAL\""\n  }\n}\n"",""provider_name"":""Google AI Studio"",""is_byok"":false}},""user_id"":""user_3D7g83vscOcSdlwqfzI6Itk4n",False,53.03,,,,not_run,Generation failed,,
Lyria 3 Clip,google/lyria-3-clip-preview,C:/Users/ROG/openlens/Model/ImageDataset/smoke_ships.jpg,error,"HTTP 502: {""error"":{""message"":""Provider returned error"",""code"":502,""metadata"":{""raw"":""{\n  \""error\"": {\n    \""code\"": 500,\n    \""message\"": \""Internal error encountered.\"",\n    \""status\"": \""INTERNAL\""\n  }\n}\n"",""provider_name"":""Google AI Studio"",""is_byok"":false}},""user_id"":""user_3D7g83vscOcSdlwqfzI6Itk4n",False,63.71,,,,not_run,Generation failed,,
Lyria 3 Pro,google/lyria-3-pro-preview,C:/Users/ROG/openlens/Model/ImageDataset/Blurry_city.jpg,error,"HTTP 502: {""error"":{""message"":""Provider returned error"",""code"":502,""metadata"":{""raw"":""{\n  \""error\"": {\n    \""code\"": 500,\n    \""message\"": \""Internal error encountered.\"",\n    \""status\"": \""INTERNAL\""\n  }\n}\n"",""provider_name"":""Google AI Studio"",""is_byok"":false}},""user_id"":""user_3D7g83vscOcSdlwqfzI6Itk4n",False,49.61,,,,not_run,Generation failed,,
Lyria 3 Pro,google/lyria-3-pro-preview,C:/Users/ROG/openlens/Model/ImageDataset/crowded_market.jpg,error,"HTTP 502: {""error"":{""message"":""Provider returned error"",""code"":502,""metadata"":{""raw"":""{\n  \""error\"": {\n    \""code\"": 500,\n    \""message\"": \""Internal error encountered.\"",\n    \""status\"": \""INTERNAL\""\n  }\n}\n"",""provider_name"":""Google AI Studio"",""is_byok"":false}},""user_id"":""user_3D7g83vscOcSdlwqfzI6Itk4n",False,55.5,,,,not_run,Generation failed,,
Lyria 3 Pro,google/lyria-3-pro-preview,C:/Users/ROG/openlens/Model/ImageDataset/camouflaged_animal.jpg,error,"HTTP 502: {""error"":{""message"":""Provider returned error"",""code"":502,""metadata"":{""raw"":""{\n  \""error\"": {\n    \""code\"": 500,\n    \""message\"": \""Internal error encountered.\"",\n    \""status\"": \""INTERNAL\""\n  }\n}\n"",""provider_name"":""Google AI Studio"",""is_byok"":false}},""user_id"":""user_3D7g83vscOcSdlwqfzI6Itk4n",False,60.28,,,,not_run,Generation failed,,
Lyria 3 Pro,google/lyria-3-pro-preview,C:/Users/ROG/openlens/Model/ImageDataset/cyclist.jpg,error,"HTTP 502: {""error"":{""message"":""Provider returned error"",""code"":502,""metadata"":{""raw"":""{\n  \""error\"": {\n    \""code\"": 500,\n    \""message\"": \""Internal error encountered.\"",\n    \""status\"": \""INTERNAL\""\n  }\n}\n"",""provider_name"":""Google AI Studio"",""is_byok"":false}},""user_id"":""user_3D7g83vscOcSdlwqfzI6Itk4n",False,54.93,,,,not_run,Generation failed,,
Nemotron Nano 12B VL,nvidia/nemotron-nano-12b-v2-vl:free,C:/Users/ROG/openlens/Model/ImageDataset/night_traffic_blur.jpg,success,,False,259.79,,"heading>Nighttime Roundabout with Light Trails

description>The main subject of the image is a roundabout at night, captured with a long exposure that turns the headlights and taillights of passing cars into streaks of light. The roundabout is illuminated by streetlights and features a large, illuminated globe sculpture at its center, which is yellow with a grid pattern. The surrounding area includes road signs, a grassy median, and buildings in the background, all under a dark night sky.","heading>Nighttime Roundabout with Light Trails

description>The main subject of the image is a roundabout at night, captured with a long exposure that turns the headlights and taillights of passing cars into streaks of light. The roundabout is illuminated by streetlights and features a large, illuminated globe sculpture at its center, which is yellow with a grid pattern. The surrounding area includes road signs, a grassy median, and buildings in the background, all under a dark night sky.
",success,,10.0,"The description accurately captures the nighttime roundabout, light trails, globe sculpture, and surrounding elements visible in the image."
Lyria 3 Pro,google/lyria-3-pro-preview,C:/Users/ROG/openlens/Model/ImageDataset/dark_light_man.jpg,error,"HTTP 502: {""error"":{""message"":""Provider returned error"",""code"":502,""metadata"":{""raw"":""{\n  \""error\"": {\n    \""code\"": 500,\n    \""message\"": \""Internal error encountered.\"",\n    \""status\"": \""INTERNAL\""\n  }\n}\n"",""provider_name"":""Google AI Studio"",""is_byok"":false}},""user_id"":""user_3D7g83vscOcSdlwqfzI6Itk4n",False,52.35,,,,not_run,Generation failed,,
Lyria 3 Pro,google/lyria-3-pro-preview,C:/Users/ROG/openlens/Model/ImageDataset/distant_road_sign.jpg,error,"HTTP 502: {""error"":{""message"":""Provider returned error"",""code"":502,""metadata"":{""raw"":""{\n  \""error\"": {\n    \""code\"": 500,\n    \""message\"": \""Internal error encountered.\"",\n    \""status\"": \""INTERNAL\""\n  }\n}\n"",""provider_name"":""Google AI Studio"",""is_byok"":false}},""user_id"":""user_3D7g83vscOcSdlwqfzI6Itk4n",False,57.07,,,,not_run,Generation failed,,
Lyria 3 Pro,google/lyria-3-pro-preview,C:/Users/ROG/openlens/Model/ImageDataset/insect.jpg,error,"HTTP 502: {""error"":{""message"":""Provider returned error"",""code"":502,""metadata"":{""raw"":""{\n  \""error\"": {\n    \""code\"": 500,\n    \""message\"": \""Internal error encountered.\"",\n    \""status\"": \""INTERNAL\""\n  }\n}\n"",""provider_name"":""Google AI Studio"",""is_byok"":false}},""user_id"":""user_3D7g83vscOcSdlwqfzI6Itk4n",False,56.16,,,,not_run,Generation failed,,
Lyria 3 Pro,google/lyria-3-pro-preview,C:/Users/ROG/openlens/Model/ImageDataset/night_traffic_blur.jpg,error,"HTTP 502: {""error"":{""message"":""Provider returned error"",""code"":502,""metadata"":{""raw"":""{\n  \""error\"": {\n    \""code\"": 500,\n    \""message\"": \""Internal error encountered.\"",\n    \""status\"": \""INTERNAL\""\n  }\n}\n"",""provider_name"":""Google AI Studio"",""is_byok"":false}},""user_id"":""user_3D7g83vscOcSdlwqfzI6Itk4n",False,55.32,,,,not_run,Generation failed,,
Lyria 3 Pro,google/lyria-3-pro-preview,C:/Users/ROG/openlens/Model/ImageDataset/rain_window_reflection.jpg,error,"HTTP 502: {""error"":{""message"":""Provider returned error"",""code"":502,""metadata"":{""raw"":""{\n  \""error\"": {\n    \""code\"": 500,\n    \""message\"": \""Internal error encountered.\"",\n    \""status\"": \""INTERNAL\""\n  }\n}\n"",""provider_name"":""Google AI Studio"",""is_byok"":false}},""user_id"":""user_3D7g83vscOcSdlwqfzI6Itk4n",False,56.72,,,,not_run,Generation failed,,
Lyria 3 Pro,google/lyria-3-pro-preview,C:/Users/ROG/openlens/Model/ImageDataset/smoke_ships.jpg,error,"HTTP 502: {""error"":{""message"":""Provider returned error"",""code"":502,""metadata"":{""raw"":""{\n  \""error\"": {\n    \""code\"": 500,\n    \""message\"": \""Internal error encountered.\"",\n    \""status\"": \""INTERNAL\""\n  }\n}\n"",""provider_name"":""Google AI Studio"",""is_byok"":false}},""user_id"":""user_3D7g83vscOcSdlwqfzI6Itk4n",False,56.58,,,,not_run,Generation failed,,
